AALA-Meliosma_cuneifolia	15QG0OIPfk2xqNF6IOrKSC_QpB0z1mLOJ
AAXJ-Atriplex_prostrata-2_samples_combined	1LLTvXb96B9x9_4ld1e9BGqk72DR6UKRE
ABCD-Racomitrium_elongatum	1x8Bs31jafVQSkNC4CFfvnmf_it64Barh
ABEH-Heliotropium_greggii	18RXAtLJZz9VcGnkcg9YtAcmYqGm73W6W
ABIJ-Selaginella_cf._pallescens	1qeirnLOYv-8AgCDIB_OrYpR4koh_Mc9Q
ABSS-Sassafras_albidum	10zJ_flNWb4hHHbmcQZrKTbbh4drvNJS1
ACFP-Boehmeria_nivea	1AxWkDBBLEgskK7lrpYtZwEGpUmFyl-bX
ACRY-Pteromonas_sp.	1OBiTEH0qm265aIgck_gV4QBd4hCjuhTb
ACWS-Agathis_macrophylla	1sHoVpLljuElhOLJ_1U3sP8cbJh6qin6d
ACYX-Papaver_rhoeas-leaf	1BeA93oR8yv0iGYba2_AMLfaGkXznQ8dy
ADHK-Galax_urceolata-diploid	1kMkxGNYAz4VOeQ5zSLTCAgrOvy5loyEL
AEKF-Penium_margaritaceum	1lt4BolbwEYNDh9BD6aZ6MyBGPqZcKX8R
AEPI-Linum_leonii	1tLPJT6EUffC-08Bk3bGxbXNxssVuuLhb
AEXY-Blasia_sp.	1DAKJ84zvcdMog-uZSXx8rMiA2BoaVgy2
AFLV-Xerophyllum_asphodeloides	1znCL-0N63yMrNXyFFHeU1_jewV7S1w0f
AFPO-Athyrium_sp._gametophyte	1w15AlqVh4iWDF0DbWkUP7WZ2d6m8IPAV
AFQQ-Inula_helenium	1PAbLn8ZMFL15fqB9zCrj3kY_Z2B-q1_F
AGIO-Haematococcus_pluvialis-A	1UsfMGI0JMByEhY6B4Cu9MZ4AKXKkhyBa
AGNC-Treubia_lacunosa_gametophyte	1tGT1DJObLrxcrjpfpMD1LsHcGoZUaf2t
AHRN-Cuscuta_pentagona	1yiTgYiHihilxCOem4mw5Yb5cGExd-N64
AIGO-Chamaecyparis_lawsoniana	1lJlhrvwehXAbc69bFNhxam0U57EK7qqE
AIOU-Brugmansia_sanguinea	139XBqzrAfbaSX5DkqlK9lgheMkVwQkvk
AJAU-Helicodictyon_planctonicum	11AjxF3C9v1cNpuzyNHPmkGK20EI9epg4
AJBK-Oenothera_elata-4th_leaf	1iZtr8VP2ORlMajAqBLa0hiQkKEzcss98
AJFN-Myodocarpus_sp.	1SFIVOKxpwMKG6-T0WBhTsPemH10xWMNc
AJJE-Terminalia_neotaliala	1o9TScn9NnZZ0sGJkW30LZbc2KVqgyan6
AJUW-Chloromonas_rosae_var._psychrophila	1LTHHJapRBnIvtXh0ExA9nX5EgIG2GyYP
AKCR-Parachlorella_kessleri	1coKWSq5xUSynw0_BZL7WIwMYX0PP96LO
AKRH-Glycine_soja-DB_root+NaHCO3	1gM5Yq88rQfgCNS8zqVcLwI6aCFHDGe52
AKTA-Atriplex_hortensis-mature_leaf	16HpeoNo-jnUNYj6yhm_46X2E54FMDoAZ
AKXB-Phaeomegaceros_coriaceus	1_hHOrxP_iIYs73rWN3fj_f4qvs0qh3TX
ALUC-Ipomoea_quamoclit	1Vu1UpuIPUVQZ35bIvbZLfjiJuPuqfsVr
ALVQ-Tmesipteris_parva	1GnNw6gE_-R4DD7lAmEUTTipAw_Vx2LvM
ALZF-Halochlorococcum_marinum	1egCDroQOxO2CflN5WmDkiMOb_dYRw5Wm
ANON-Leiosporoceros_dussii-B	1kkIWaTjUD9kZpW1GV55N7gidjz_Cm9qN
AOUJ-Chlamydomonas_sp.-M2779	1mHvb1LcZalkqj0mi030hL2lDC_ERGCfh
APTP-Ishige_okamurae	1uKnSKkfzfurpqsjQ8SnCwBWOfW9mbspi
AQFM-Pseudolarix_amabilis	1vl9ybHfKruURgzkf-c1dGPAHFZcNa7Ec
AQGE-Humulus_lupulus	1G3nFX8YG8lgzYB39QBHHx8KW82YgqXAi
AQXA-Oenothera_laciniata-MTJ_169	1OGMKUYs5SEsuHe-oIg_CYdP8bNF3-FEr
AQZD-Flaveria_pringlei-2_samples_combined	1Ao5pQVvqeqPwM568vxfubeE2PdDR2DBj
AREG-Nothotsuga_longibracteata	1ALSoqWmVyZFDIv5jlm6ONEUY43LtEPf6
ARYD-Oenothera_laciniata-5_samples_combined	1eOdJwWPYPoWSc08IuWnAXrf1-R1HDG18
ASMV-Ilex_vomitoria	1gA4iethz63w3yo83fZdPNHa6X_cpFUfa
ASZK-Punctaria_latifolia	14da1VC9_GdhvBgfzdo-wGvL-brbdJGBd
ATFX-Muntingia_calabura	1P-NJPDw41fZZHaOMrygnQeGnHkqHC8cC
ATQZ-Acacia_pycnantha-March	1tnez1qBsDP27zofm1py_G-Od7wWQRlRU
ATYL-Scutellaria_montana	170cfH9XU6RWzpIqRtu3Upd8_RNKR1--f
AUDE-Widdringtonia_cedarbergensis	1epWrU9L3acGG1kZTDKJKkIcbSrf56O0U
AUGV-Capnoides_sempervirens	1aDtc2tOb_o4FuveG-rHQz85wbTtqSWPw
AUIP-Phelline_lucida	1CWBXUZIFGggDnuKZDW7w0MQKVBwbSUOj
AVJK-Cavendishia_cuatrecasasii	1j8P_cca8HKCQRk-8YNGA-zdHK7W6cnUV
AWJM-Edgeworthia_papyrifera	1lz_CV3rsUVCuPXPqUtE1kxBMLNLp9lxZ
AWOI-Diphyscium_foliosum	18NfNQ2Kk0NUYdlCAoOo0HlheMDBoFaDP
AWQB-Picea_engelmannii	1-CocvrVsAiBUQUDevpHetuqK_jthTzMc
AXAF-Thladiantha_villosula	1diDp4ujSawCe6w0LfOz3FprGEqyzJ9Qs
AXBO-Sinojackia_xylocarpa	1JWdr3Juz2j8k-OGO7WNPcK2Vv36_ANn1
AXNH-Oenothera_filiformis-3_samples_combined	1A4YTTOuXvLE4ZwNiIbumrSLuSQ5b9uw0
AXPJ-Linum_flavum	1RAdMItMdNv7D3ox4SvO0rtAJYncLZF3O
AYIY-Ruellia_brittoniana	1CU1QMnfXO78LNWrwdZ0fsfBcNnvhzhe4
AYMT-Eucalyptus_leucoxylon	1Xx2q842ByZ2kBbLbck3XEJZrklUhlLMe
AYPS-Chlorophyta_incertae_sedis_CCMP_1205	13M9oK-SFcjhH3N88s2OZJzmMpJbp2xgh
AZBL-Petiveria_alliacea	1eDCS6rIXvPdEGOemX3X-9knX9m5IWSjK
AZZW-Chlorokybus_atmophyticus	1YMyUcdiSA23iYzaIsGpTa25XoK3Jq6eE
BAHE-Solenostemon_scutellarioides	1nhBGnVzM62rHdhcJ2gToDdQlbhwf0RVs
BAJW-Isochrysis_sp.	1_N3-B_JhmNoarRtlsuBg5sw19QY1-WaW
BAKF-Cryptomonas_curvata	1MpymNaR4IXLjuPUesu5M4BJ9PfAZNhDK
BAZF-Chaetopeltis_orbicularis	1AjVRlSPJfRIxwq6cJgIdgwUQIVx6sO14
BBBA-Tetrastigma_obtectum	12p9q09Pm05cR4XCVvPuwfRbuOb53Rk5Y
BBDD-Lepidothamnus_sp.	1fCcUGUxytrZvvTS1j3u6TlAUCI8h9ePm
BCAA-Kirkia_wilmsii	1nkIZQq79BBjUb3OK3xqfv7hEs7g1HJa6
BCGB-Cinnamomum_camphora	1LcbVNy8h9Qapdk9UBDFh2jP9wKpk4OlA
BCYF-Chlamydomonas_cribrum	1omOXjg9y_jHKcxZBGrT-HQrTOfEvkjvd
BDIW-Atriplex_hortensis-juvenile_leaf	1rX3RujKdwkKBemYUNEyEAZ0UNKNPwGkS
BDJQ-Zingiber_officinale	1iUm1ZANNZ5G85_PhVUmYdfu-6JOMEBs6
BEFC-Manilkara_zapota	1qERpuh10fChAihu_v6q29CPdO1TwjcDL
BEGM-Botrypus_virginianus	1rBdwzY9CXSDfmIzya5YYN5jqeYL9W-c6
BEKN-Papaver_rhoeas-5_samples_combined	1PCl-w_4rbc41YA7UTh_m8DNCdyyKf2f0
BERS-Zaleya_pentandra	11hVjdTGQpfiMKZV_HQJv3RMpiHndEQ9r
BFIK-Entransia_fimbriata	1YtRKYEXCl_GStX-0fRL9SIktXr0O73ju
BFJL-Cornus_florida	19Nielby_y-bQI0GQTwbO4nIStEsTCn7S
BFMT-Argemone_mexicana-developing_fruit	1WbDze2m0ugWBvOtHQBV4URwxbUe9vwt2
BGXB-Plagiomnium_insigne	1-nhjs2zN-CJhwIa7JNm_FAet1MrFGDdW
BGZG-Cissus_quadrangularis	1VB1XN4vzK60YS9dmMHnr6i0J-Mac_xR0
BHBK-Cosmarium_tinctum	1FuWHGSI4fA71EV30HhMsukcKHDVgv76p
BHYC-Linum_lewisii	1bqTc_rWj5UpoYKuE8fw1pTp2BgTnwJOq
BIDT-Flaveria_cronquistii-2_samples_combined	12i5vrQr_m7-A8u1wvXYXxm-4Pe5C9LHF
BILC-Prototheca_wickerhamii	1OKIS3PkC9vZ50AQHyFGdFJPjb_1AQQCW
BIVQ-Osmundastrum_cinnamomeum-A	1RqdcihM8X3-ymn67GDu7fDXD1toG6a08
BJKT-Delosperma_echinatum	19hpJ5cCHm3vb44PYOqSHlM8paGk_0dqu
BJSW-Cannabis_sativa-4_samples_combined	1aa9h0h_pjUo6fB20hlLWFeyMc1g0hurs
BKQU-Phytolacca_americana	1uVpggYDWI0x6elIzAhWWZr3JjejnLRR6
BLAJ-Hemerocallis_spp.	1EPBQFSaO12bXoBCP-Nlj5plp6xtLEVnO
BLVL-Sorbus_koehneana	18AF7DWV7_WPm-M1YBuDOss8qKwpsrx8J
BLWH-Portulaca_umbraticola-2_samples_combined	1lxmdRZItUEaAg49bcBWjZY1OslifuFLG
BMIF-Asplenium_cf._x_lucrosum	1dhqXmzIisUmqsWWIYmYNoC2xuNCIdOtZ
BMJR-Adiantum_raddianum	1spE0ju9r2tDD9bRZf6kmpC3oeRz7_DEP
BMRX-Papaver_somniferum-leaf	1XbmeLCEM5midVB5w6zYcHSjiEwdhdKHQ
BMSE-Senecio_rowleyanus	1J6o3yzOFCZmDGz8X9mPxDzA6w60RP-YC
BNCU-Radula_lindenbergiana	1bDpoh21YvfSJxFt6CpUL7d01kpDveckM
BNDE-Hypericum_perforatum	19MBCSZI_q6BH8BvADNn_utq4uS75wIhB
BNTL-Souroubea_exauriculata	11qbMYx2wT2ZQo7hyQHhkqsyFaidkGmIP
BOGT-Mallomonas_sp.	1ozQCyC_VCbRg1Zpae9ScuwsJne8qSk4j
BOLZ-Atropa_belladonna	12GsmJRd-nMHUiwePMKnL906xJOmnPCH8
BPKH-Neurachne_annularis	1d0JewwA9a2gTuGaH5IHTkSfYxZF36Mch
BPSG-Scouleria_aquatica	1WQBAfeyhIqBMFtc0V4ukjh5pT8puWWs1
BQEQ-Psychotria_ipecacuanha-invitro_plantlet	14IJEwTXD_skiVBEWHo5HwBQ5S65UJjdr
BRUD-Typha_latifolia	166LpBVv1BTQYcfsSNUbllqlLoDbDtd3I
BSEY-Daenikera_sp.	1zM5FKkgf_OtOQi6MtYQQwh7nlquH1sQm
BSNI-Anthoceros_agrestis-B	1I93u53FNQ04dmIc-5Rjp46isOkrRPOVB
BSTR-Chondropetalum_tectorum	1Oie4mRBzd_xijJMbj7xBjrucfUdZTcQv
BSVG-Gyrocarpus_americanus	1iTWi6Xa-SCXq1dmDmDGEsjHNm54PCIUd
BTFM-Monomastix_opisthostigma	1jx7FYG34ACp-EQ_otoD47O_VUX9qPQs_
BTTS-Austrotaxus_spicata	1XxSoakUA22-_YVDZxwNTwq66Hf2NdzFA
BTZX-Philadelphus_inodorus	1wanfkh9243JsGAfWqlslDgn0aS7pppIV
BUWV-Platycladus_orientalis	1gAOAp3zqoqc18unwxHgOf4GB4BKVikr8
BVOF-Linum_perenne-2_samples_combined	1MyOJD0vy9_uHJc3varqVvEx_oED-pePi
BWRK-Alternanthera_sessilis-2_samples_combined	1qz_6mti2u2Yfj8j1NmTjEY9wh5olBUt2
BWVJ-Betaphycus_philippinensis	1aEYKvnZtMqTVi_WdGyj274F_Ry_vtb-K
BXAY-Neurachne_minor	1T4XVQveHp8wszviUvJtZCQwl_CYQy3BD
BXBF-Draba_sachalinensis	14VAuzY_R_Ki3_5UlxOstKFQD__96bOF1
BYNZ-Portulaca_umbraticola-A	1GWH8tWEcXcVHIYuq97otCY9OXvyxRS4q
BYPY-Brocchinia_reducta	1NqINngYvnKIfFJcrOZ1tZeSV3BJRpqyG
BYQM-Posidonia_australis	1QvDdirmO9klHIQTREVJ-XaLp9h0EnMxN
BZDF-Oenothera_biennis-5_samples_combined	1CNWOrPDanhRtG9KhLlEtNwcv_9aMY32D
BZMI-Mollugo_spp.	1mWssiNUkiHTrLryDAKuZNNsXEXrdCcbX
BZSH-Golenkinia_longispicula	1l2Olzrd-serNqDVf7E_b0zpWzNhjJHKj
CAIX-Melia_azedarach-A	1iC2dKOhTJn1FApWMXTGopL9BlD0F6VVB
CAPN-Equisetum_diffusum	1DTZae6lPlOsdXE6J1ylZNpLcYQhd9xQN
CAQZ-Symphoricarpos_sp.	1qtqnw3Lap1eC55mLyOfEmUulVPOJhC0w
CBAE-Huperzia_myrsinites	1sZsdXcMHIiFmMjagGym5q3czOxEMH2HF
CBJR-Atriplex_rosea-2_samples_combined	1zS8wq7B9ssT7pwl-dGgtmLHvKFFKY-Hj
CBNG-Planophila_laetevirens	17YXL7M40Xypcg_LCG_BwO4VXJ0UWEnUQ
CCHG-Argemone_mexicana-flower_bud	1CdtLgS0BzEstakvheG1ztpt9BWCOxCNQ
CCID-Akebia_trifoliata	1FpMEie7_XcDZHTqeL46B02oNUThDxh7T
CDFR-Manoao_colensoi	1YUiWZFzPmJhcZi5HqCiSaLvQGC6x-Ztx
CFRN-Carthamus_lanatus	1jMDDwmK02ZayThYkFBGnQMhXSp08v-mH
CGDN-Tetraclinis_sp.	1aTsqa25BZJxupMR-9GAOO3qVSg8ezsxE
CGGO-Plumbago_auriculata	1E3xAuk2gSeNotsbZNsaoEpx0aQuX4baC
CHJJ-Frullania_spp.	1QGdHJx94-YgJaxgalQz6heCgsr9dtKCu
CHTD-Oenothera_grandis-MTJ_133	1qZwSOk89H_XAeVzR6oOWi7sccxbRln-F
CIAC-Bergenia_sp.	1okIfojYeqQ-bYQaPpgz3zLCT82Jy9klg
CIEA-Juncus_inflexus	13eKPHsSj2f7_W18EwrvT2AJiTjt9Rt4w
CJGZ-Oenothera_nana	1dh64Dmuuv5pYBGV_xlG00biKw6v8zVQF
CJNT-Polypodium_glycyrrhiza	1ibOCOqPFUp1hyGLOoeB2w74rHfdsTqGy
CKDK-Ochna_serrulata	1hbgv_SOXFAmGbmsHqofnXg-CjwX8W-rl
CKKR-Astilbe_chinensis	1dRg45YOtcBeoDK5o80dkRTgwqsOw8-VN
CKXF-Ahnfeltiopsis_flabelliformis	1FtqF4BXktYyQ7XaI4egvsV9H5EBlVZL_
CLMX-Escallonia_rubra	1o73xx9lz5p3muAP1U9Txm7SnzIZuzSAM
CLNU-Escallonia_sp._cv._Newport	1iZodkPYBIPAoipUcoRobtHgQ9-mdNnoS
CLRW-Bacopa_caroliniana	1_rtzZdWe67Z8bOfIlIrzG_fW2n7CZSxS
CMCY-Hesperaloe_parviflora	1b8fTYlcUyUp1ZDA73FaTN8N0gsEI_yp_
CMEQ-Orthotrichum_lyellii	1BuW2pGzdgvQApmInFanfVu_E9DXmlaz0
CMFF-Lupinus_polyphyllus	1aH3BS5tA29oeaxb50SoKTGSwaWVthHbj
CNTZ-Oncidium_sphacelatum	1U6TMc1IrkYbERsvftJxDfYzibXOAirpS
COAQ-Malesherbia_fasciculata	19KAcSWDJ3YF8zlbsxYHS61FRQEKIfNQD
COBX-Polypremum_procumbens	1wY_8jR-leLCNtdigJxuB5mWSg2pgybcl
COCP-Triglochin_maritima	1M1abLlFtcXeIRX-C098e8cm-okyuvbJz
CPKP-Lophophora_williamsii	157-jivhTiPr6SOBtRlYGKMeLeNIN3Y_9
CPLT-Portulaca_grandiflora	18iONfm6c-T_Ku6KeP0dYMvq0gS6f3aIJ
CPOC-Convolvulus_arvensis	1GEucn10gAwnymq01KJMB--24DmQFZTSw
CQMG-Ulmus_alata_alata	1EOvF-PkEF3GiRbM3MtuG9IkhfKkxtLyZ
CQPW-Anemia_tomentosa	1DeBNk-xSlWM_fPqNoqawJ633Zih3u3uQ
CQQP-Ochlochaete_sp.	1f38dOjFnWVq62TH-vNMl8PrzA-2vcvsD
CRNC-Limnanthes_douglasii	1XH13xIG08azDeJ2Wc9dsa8SP8zEZOf2s
CSSK-Houttuynia_cordata	1iu8P4wtoikkvHtL4ot8HESfW0GGti0bx
CSUV-Cochlearia_officinalis	1qxQ9vCEP1rWCLGKibKsRhjb_5nCBXM2f
CSWE-Heliotropium_texanum-mature_leaf	1zZKtBV_DZTJZwLPfEdUsRRDV2VKFx3Gu
CTSS-Tellima_breviflora	11rZ0RbTteOMo1WtBrSNuhRNVVC9lHiwl
CTYH-Basella_alba	1tWWxABe510DOkvlcDvK5skAHqkMNoZ8O
CUTE-Blutaparon_vermiculare	1BrivODErNm_BU3ru15RxYzIEYpt6i4w3
CUVY-Mollugo_nudicaulis-juvenile_leaf	1G2yDLcX8y-K2LjYJhILz5SpbJm_zkMVD
CVDF-Simmondsia_chinensis	13rY7a5N_Q-fK1m7pd7tuNUp4fxNgZTGm
CVEG-Azolla_cf._caroliniana	1Tcgi-eeCoFnYv_2q9NA0NuJpJcd-xl75
CWLL-Schlegelia_parasitica-B	1k_E9CErhuaBr_cIQZ1gZVegSglSFDcEa
CWYJ-Heracleum_lanatum	1inZVV5eZIW4H3VNcEe63Rt594hxVSv7N
CWZU-Betula_pendula	1gvog0ArHmsq76cpZMqS59jMf5C4KIAfR
CXSJ-Eleusine_coracana-root_drought	1gyWMOYOIexY_1RGLeCX_3RLLu5-8JUlO
CYVA-Cimicifuga_racemosa	1mtBom95eFR19dC3R0MUZLsYR1W14ouoC
CZJT-Portulaca_oleracea-young_shoot	1dUZZ-wDnYc-b8PZlFLB6s8iT25jJvFz7
CZPV-Moringa_oleifera	1pJOw_WjkEOvUsvGw7olZQ3fcBabAvcHv
DAAD-Ardisia_revoluta	1uia5Ud6do4NiAIgR2lXgc1XjAUdLulQz
DAYQ-Mitella_pentandra	1-9yXLVMaC6U6jNwZskb1Py9bnv83u8V8
DBCE-Alternanthera_tenella-mature_leaf	1YYV5ucW4cY7fhvO7JJr9X-TQajTU7Oqa
DBYD-Synura_petersenii	14dg55hmWIsV8uiZqffZqAki2SAfvFabL
DCCI-Calceolaria_pinifolia	1FX2xfL7nE5h0nJ_0s1RYBNpoGZ_n0oy9
DCDT-Gaga_arizonica	1_xYWCoghluONVMB4g_bH3VXIaFM_3BAc
DCVZ-Plantago_coronopus	1ucsi219GmscJh8qKVBjxmkHpkRHO11o3
DDEV-Canella_winterana-A	1IOPCg-iNKOj7TxWe1Bnp2fTN_vUNIJp9
DDRL-Tragopogon_dubius	12zQZ-eF2BK_-8wZZH36m6oL-WIcYLBH8
DEMH-Alternanthera_tenella-juvenile_leaf	1885WTkmVXD6rBEZ6oBQ134-DuSxaWG_E
DESP-Erigeron_canadensis	1NGHRcmsovsjwPYufHAyRUd2UJDZoJI0k
DFDS-Desmidium_aptogonum	1JKiPE2_sEBkZKXYKPrKUfiPru5Dz1ZDA
DFHO-Danaea_nodosa	10aH5I4jNxAK44t06RhuPykGh8cZ33_8V
DFYF-Ilex_sp.	19YkDubCmyVVxfu5ptfMkVKc_ocur_SUm
DGNP-Cannabis_sativa-core	1pAlstzbpiiiXYdUQY_IH6g_S-aPF-NQS
DGXS-Freycinetia_multiflora	16rbOOKkHBiThE5v0i9kowMJGgM4NpiO8
DHAW-Geum_quellyon	1xkdZnZ_g3x3db4kwNjchTtfyArIXuOYV
DHPO-Eupomatia_bennettii	1Cfekj-2d5mLTi5OdRszC9tYH6KhnFppf
DHWX-Fontinalis_antipyretica	1Q7sJniqkGyOisCbRMs0xuz69b2-yb96G
DIBI-Oenothera_laciniata-MTJ_218	1A-WmaI_XLU6Ywpts1PfrcE0SCWO_qoLY
DIHD-Heliotropium_tenellum	1M6hFOUWjIq33-4D7lI4LhL5hOeaRVYWA
DJSE-Ophioglossum_petiolatum-2_samples_combined	1PV0_HtuobD-yHBnZleZq_67458QicydF
DKFZ-Mertensia_paniculata	1ZsUAuz92rHRt1rmRBcHsuvcDCg6N_szl
DLAI-Solanum_lasiophyllum	1NhGQjyhF__uFjgnfua4hE_xupbas3m4N
DLJZ-Solanum_ptychanthum	1YiIYCl6dDZgEIDzjPUu4WgRbechP9fH-
DMIN-Phycella_aff._cyrtanthoides	1ljRY2bs12HFt8eMUgSCqT0apX6ayGOy4
DMKC-Hamamelis_virginiana-Soltis	1KEJYMjIT3nViuWY9GpnkHfn62ASFnxT_
DMLT-Vitex_agnus-castus	1tKYjZPydyQgBRxNHXAJ-IEdvvfr9nqQe
DNQA-Psychotria_douarrei	17qQsKJnHFr2mJTWjaDWOQM8Z8f54Jtaj
DOVJ-Leontopodium_alpinum	1HApFYeHU7vtZdQIDjt414Mf1UD_qbwHw
DPFW-Zephyranthes_treatiae	1UNG8QwTGzjVF71FoQ03shT13N3ewIWFx
DRFX-Closterium_lunula	1yFa3ZQ0FN69lDC6Jbb2-F8X1E70pQmh3
DRGY-Chaetosphaeridium_globosum	1kqUGcqbklwO5YBvFNI65wgVgOqvA7uq3
DRIL-Kalanchoe_crenato-diagremontiana	13EGX68IOiWIBfFvw_XhiFeojOyLEAqZv
DSUV-Asclepias_curassavica	1cEnC2YX3hwkGeih63GiM9zzQgfMfKRrf
DSVQ-Oenothera_biennis-MTJ_659	1SeR3-Tx49jIt83TfBW8itynelknfLG9A
DSWR-Flaveria_cronquistii-juvenile_leaf	1z4r_DpsT0LerlkrFRqL0GppKVqOFQRGa
DSXO-Cryptomeria_japonica-branch_apex_including_needles_and_cones	1PqKppH6dR1ZuH9a7CP845n7Mnya9XadJ
DTNC-Sinningia_tuberosa	1ARflpcMqB7AF18dJvg114xNeGMyswt5L
DTOA-Maesa_lanceolata-Leebens-Mack	1UlNIWcYEHrRjiovwi9_pF9GUgsPTPIOS
DUMA-Tetraselmis_cordiformis	1T-jVD8PzCaxmDjmr9ELiM9Xvt1spmsDK
DUNJ-Helenium_autumnale	1U71NbJKNOmq7L1Z9GpUV6YfsEKGhpdHF
DUQG-Tanacetum_parthenium	1m5FyjlEGHx_C4-mr0zMWLhlchRrrIpYC
DVXD-Allionia_incarnata-A	19biCSzZdhwXwwAs23SPkwoIoLaJg3xz3
DVYE-Oedogonium_cardiacum	1SHBPzkie0ACZJ9gtitBBSTmob5bWEbPf
DWAP-Oenothera_biennis_MTJ_676	1FY98r5kdaQmqOCvrHSNHeuJ-YeMsOTPt
DWZT-Sagittaria_latifolia	1YpAsN6tul93Nn9ONQh24i6B9d8DSWCzD
DXNY-Microthamnion_kuetzingianum-A	1zm0T67TdrtLRMlgsyYQImlIQSx-yxBE5
DXOU-Nothoceros_aenigmaticus	149mCWIMEqOTWWUl0IWcGqUhLyDOoO_0v
DXQW-Juglans_nigra	1EJQnOzX7hbivJa70bxSe3JJdmNoyBUOK
DYFF-Pycnanthemum_tenuifolium	1v4rwe9Ql2g0ImgKF1rX5qlNZ6KI64V_d
DZLN-Oenothera_picensis	1TsPfWmrUm8k-IVUDKxXymtsnARISuSfi
DZPJ-Cylindrocapsa_geminella	1VZYHdwbnD5SGdn--JrNm_EcL4ErB5Q1o
DZQM-Pinus_radiata	1h2WZC44R-aTcTtZccAyat55rnszFKRkr
DZRA-Mirabilis_jalapa-mature_leaf	1IwQpOVGZvGH-tiG59wq_L0NqMdR29Ens
DZTK-Batis_maritima	1srd3kyZ4fqrhua63ZdCkqh0L3wKrNuKC
EAAA-Marrubium_vulgare	1ZBnzAHm57p-AeZhzn-WyhNfgZPm0YCjn
EATP-Microthamnion_kuetzingianum-2_samples_combined	1y1tKl-L7AVSkFvn4CMl9luJPO4qCqQAZ
EAVM-Amelanchier_canadensis	1NQSUTGK6ALUTKh921aU9yJYSYI8EbsbW
EBOL-Antirrhinum_majus-B	1SHWDwK6q1OcUACATkIBI-1nTxIZEDjV2
EBPG-Oenothera_grandiflora-MTJ_538	18U7jel-XjxwG6bCbZBbhspSMBpHA_Gv9
EBWI-Rebecca_salina	1wFtjhifrHu1SFzp5WdPDvQmPsZkiU0r1
ECSL-Oenothera_filiformis-MTJ_381	1PLk25s5u3z59WIlOXf3hB7lCiLllWR4g
ECTD-Gentiana_acaulis	1wbyk2-hO-ftl4MnWXraerPkXwVucWclJ
EDBB-Polyscias_fruticosa	1Cs-Z1TOde4Tm4EygVGa2zg8I15ShooUC
EDEQ-Wrightia_natalensis	1zUwu4VNpV-dMqZmAcPaTpqA2EwetvhEY
EDHN-Ficus_religiosa	1QaQ9VeODhXtTxWMNpqywsUWE3uleRciP
EDIT-Sesuvium_verrucosum-2_samples_combined	1qaT-qok4kTlGaakb4dHZ02ElLWlHTIwg
EDXZ-Schlegelia_violacea	1iQJPJg0MuARca8w96ylhQQUE8_7A-Z9l
EEAQ-Sceptridium_dissectum	1WkxX-KWp2wXY8CMwNgyaYDPYuf56gqt5
EEJO-Ettlia_oleoabundans	1ZcfXhI0gZnFx8FlLTcfLEh_CKtyocdF4
EEMJ-Thuidium_delicatulum	1-jdFhRaeYMVB5wHDHyQQqn1uYSiBzFYw
EFCZ-Eleusine_coracana-4_samples_combined	1o8d3tFQSxQ8hJtuTDagM3EqqsPKm20Zc
EFMS-Torreya_taxifolia	1ZsrOP10GOnUqXW4mI_fXWHU4IK5mMPhy
EGLZ-Prumnopitys_andina	1NvH9OZJjNnOY01vNFDPQsOc7lTcl0PDl
EGNB-Scourfieldia_sp.	1uRyF8NidY4aSFH6sW_7erCgZUsQV0L6t
EGOS-Allionia_incarnata-B	1PwlsO4lIZ1moFJ2K0VDb6Tug-Z2gzdCn
EHNF-Dillenia_indica	1jYM6U_t31n8rA979_BqCDLN5H4a556Ho
EIGQ-Heliotropium_calcicola-juvenile_leaf	1s9szjaiRT78wZ7KPiYrOEqcRZsEBq7Nh
EILE-Rhamnus_japonica	1zd7ytx0pzHrT4xafrNc9FUr1gNMCyIrR
EITK-Hedera_helix-aerial_root	1TE-aQMtitF23OHmDQmb5fOgrGH6t8lAk
EJBY-Anticharis_glandulosa	1Cb8F93sc9nhVnPr96GNKtIiMjCmiFXqH
EJCM-Lindenbergia_philippensis-2_samples_combined	1fte5sRb4nqPj6VJrbJ-QOQ_DyNWDeY1m
EMAL-Ehretia_acuminata	1Cak9n-CjTQVHu6K-WPfktsWXqyg6BE98
EMBR-Ipomoea_pubescens	1YyF12iFqH60vDJg3Tw754sy5Cm85CWJO
EMIG-Aerva_lanata-juvenile_leaf	1aI5Hpdlw9YUH33grCNpmDh0LSyxEUUUU
EMJJ-Borya_sphaerocephala	1t1B_-T6UlI0dkkuOu1-98RZllf0kS7uu
ENAU-Spermatozopsis_similis	18qnHtUITZqG-be0k7J010DMzrC_4GRtS
ENCD-Alternanthera_brasiliana-juvenile_leaf	1foA6zNSMfr5U2bbQv_YY_sHUcDozMMwZ
ENQF-Lycopodium_annotinum	1XKfMTD0SoTFnPyS4kEEWkFFymz9rlRWp
EPRK-Papaver_setigerum-developing_fruit	1RFoe6K-M-9N_V5VsCLBgm4T3DCsSpQM_
EPVF-Atriplex_prostrata_mature_leaf	1HADVw1Bi3VdAfKoaYc-xoNAoFE3rXpjy
EQDA-Salvia_spp.	1ZAqeGXOjs6BKdAqZjY0Jf0q_G15goGtI
EQYT-Oenothera_berlandieri	14QJLfuqiW0QqZyb0BdjRC_ksavpMamtV
ERIA-Heuchera_sanguinea	1JPeYLrtMIrsNeeC45KQeFYzmlNK6hEK_
ERWT-Ipomoea_coccinea	18kYzldD-bDFyVaKiZSZ7J1SKmxCLp327
ERXG-Eschscholzia_californica_developing_fruit	1Er-voda4ite37OreHv3Kr70IhnmB5FTs
ESYX-Cunninghamia_lanceolata-branch_apex_with_needles	1aoAWA61HU-3DfE9mTyJHoOr0XxEerlDJ
ETCJ-Pilgerodendron_uviferum	1nEDr1uc-qeslJUtcW2-u05yN3BcNBezg
ETGN-Botryococcus_braunii	1auNLYzgu4oaUAxU_zPYxt2obsL0xdy_X
EVOD-Eschscholzia_californica-5_samples_combined	1qu-P6maws5_Lz6kzSwHb0qkmJRttDOte
EWHG-Oenothera_grandis-MTJ_207	1XQZhxY1nS9cxINPZ2TXWkPs5MEnjYcHZ
EWXK-Thyrsopteris_elegans	11m905Y8h3RAZI-EzQR_2V8Xw6Du7WmCT
EXGW-Oenothera_biennis-MTJ_378	10ekan82zEa31GsOHqYbyRJtdPG-aayGd
EXHX-Flaveria_angustifolia-juvenile_leaf	1MbFXV4VEckkp3WW_oNmfO4yfvpYYTMG1
EYKJ-Silybum_marianum	1HtqUsySxrqvNO1ENE0kOZmsPKbmBGJYk
EYRD-Alternanthera_tenella-2_samples_combined	1CakFZx6c7hMAoKY9hajUGYDAXmSidHR9
EZGR-Portulaca_oleracea-2_samples_combined	19LwTeXLSqQz8tGW16CCAY-meO1l4kqzA
EZXQ-Cleome_violacea-B	1_1XphUa-uvOmOgV9nWN0Fbq9NPepbvyT
EZZT-Passiflora_edulis	1xHEMJI1V0QUJ517VeMHl7FNatzUVzZRH
FAJB-Paraphymatoceros_hallii	1yoA9exjeKJFAJ9ndLYX1qhcgPagwTWeo
FAKD-Nelumbo_sp.	14CHVz98Veg2h3IdEB_HaAJvY7ONEq_i_
FALI-Calycanthus_floridus	17aYelx_DlrPqJmQ52jsAPdLA4lFe-Uj-
FAMO-Conopholis_americana	1MFI92yEOu3A7ax_77MT7OAa5IPQevpzr
FANS-Leiosporoceros_dussii-A	1j427ZtvlLMMHRo-7rvtAx_JGTHJQCktH
FCBJ-Saxifraga_stolonifera	1e8hsnQmNZsdAw-SincO4cEENyt8TIqly
FCCA-Boswellia_sacra	19pCcGdGv-r9H2hzo_af1z1yeSfzBfaGd
FCEL-Phormium_tenax	1AvyiQLuNB3KQO06IU8z9mLMKuNqVGAkM
FCHS-Deparia_lobato-crenata	1canoD7ie032aQ9JcW1IcGxpKPaSIuWpw
FDBS-Oenothera_biennis-MTJ_442	1Dq7lt3zJhl_gFsCGznr04YgCfU8sNQQI
FDMM-Rosmarinus_officinalis	1qQ0xEZCb3d41B0FpY3gmzlM2R0UgqD3M
FEDW-Chamerion_angustifolium	1QvoiVI8BlqHXVQ9hjo_8-SiGoUuDJIix
FFFY-Valeriana_officinalis	15PMKzPzuYrO8BlljZVvhQk-s-lplDoSC
FFGR-Netrium_digitus	1zk9YQr8U3vnMkfxhPhohFPz4pym__dbK
FFPD-Ceratodon_purpureus	1q8mgDuZd2Mbrym9i9gYS2NZKjZ1AKPSQ
FGDU-Syzygium_paniculatum	1vZaN5vkx6peXZaOEMrFDt8xZC5lLEUQb
FGRF-Asparagus_densiflorus	10bjbJAsWmt6vxrz-YA7uX5JGCuL1LzOx
FHST-Taxodium_distichum	1pW-PbJMgyAXLIueThIjKN2tfXc9or3Eu
FIDQ-Undaria_pinnatifida	1BINufVLTpB03XFSy6K40sLEY4i1w75Qm
FIKG-Sargassum_henslowianum	1CBoMaCsQB9uB1qFvmFq0hhLPywvbiLPb
FITN-Treubia_lacunosa	1x0-zkT_2-xjd-UMwl-K4FbBUFbp-ZjTo
FLTD-Pteris_ensiformis	1p2AracLMfPIyoemw9ZoVaAYXYGyvwuY8
FMRU-Cosmarium_ochthodes_&_Zygnema_sp.-2_samples_combined	1qVRLaXxK2paH_Bbz8bVMj4UMpZ9jH2ve
FMVB-Scherffelia_dubia	1Vm9M9gnnSLZ0BT11tGY5X4qbblPN34X2
FMWZ-Dacrycarpus_compactus	12KF2PQHV26xwHkj8r-agqT1yozClE5u5
FNEN-Phlox_sp.	1aINftU6QEGy01mKJXcluqfNj1HZ0Es6Q
FNXH-Papaver_setigerum-leaf	1zHkIB7h6GJPvT6Na7r1DfFHcThopjFZZ
FOMH-Sargassum_integerrimum	1mtKrbNgSf276UHbqhH0DfJOtL8x9IZ-a
FONV-Greyia_sutherlandii	12JD3MG5dwVaf7CopynMpKuf9GsEyyPvY
FOYQ-Microspora_cf._tumidula	1nrh_I1emgjYzo4VZLAZtzDWTp8AFFj6M
FPCO-Interfilum_paradoxum	1aOLpkLV2rOFvXzchWjTTwCDjdCeGwYVf
FPLR-Glycine_soja-EB_root+NaHCO3	1ez4sq6N3J5pRHEOYbFLnk4Lo-FjlBSNz
FPYZ-Papaver_somniferum-flower_bud	1wMGBaQ8FYnTbSYaI3HHlX7WexEFNFxFT
FQGQ-Polystichum_acrostichoides	1V0FAbXLMxz06AUyWbrdQp_pV-yUzfr-V
FQLP-Klebsormidium_subtile	1h5ps-_Fn2f-iTnFOZ66hSPDyxiaWXdUS
FROP-Epifagus_virginiana-2_samples_combined	1g-Q7d6fD4cmTH7BriU_P0iby1ls6rLte
FRPM-Calocedrus_decurrens	1Zz317io5Ihf5h6BYHSNhr8-USwIyD3iJ
FSQE-Desmarestia_viridis	1JpXQX71hgvrhNqqjjqqrgIfwc5UDKG6q
FTRP-Gracilaria_chouae	1XkWOyYt2O-KPdJSx_fgApiMVXXg_UNSb
FUMQ-Nepeta_cataria	1b4aLefFZpWzsN6XOl4NpgEvbEBhVdvWz
FUPX-Tragopogon_pratensis	1_CILz83rWeKz2DgQhHojkM5fvKXFBdvT
FVXD-Beta_maritima	18FsDO8Aax9qOihJBRDbfM5ktv6yRyuiq
FWBF-Alangium_chinense	1VeW1XO1AwNwwEGZrAZuMMO6YJDoo_cHf
FWCQ-Garcinia_oblongifolia	1SeH98TJm2mwvwsfXzPCUuuRpqZNgO2NW
FXGI-Stylidium_adnatum	1MW0GRA4dAtkVO8-nrxF-lF_K7AcIR_-6
FXHG-Hafniomonas_reticulata	1BmbykINK-O2golYWyjz0ymY5wWAsT6lf
FXJC-Oenothera_rosea-MTJ_672	1kFhdNVHG9EYQfZnoNM5OP4FqOdhPzEUr
FYSJ-Polygonum_convolvulus	1tlrxwvtlFmiNrAf-5rhepB23M4wHPiph
FYTP-Daphniphyllum_macropodum	1Ou3WrQUoBptCr07swiZcoOpTKYh1cUP0
FYUH-Lavandula_angustifolia	1OGh7xv9xYX96M1SD97axXr0oZiTOuwz8
FZJL-Austrobaileya_scandens	134VCv3Qpgcd5-AA4IwiIr2LKqEIM_U6t
FZQN-Silene_latifolia	1Ebg6-vOp0iU3OSD12CHMxatutsX0hB9d
GAKQ-Schlegelia_parasitica-A	1svqRyA7woYQruFwgUx_qP8OGW6k3J6JA
GAMH-Tsuga_heterophylla	1biDelKJ0FDpXSQcxeyFHcyvczrQdfb7C
GANB-Alsophila_pinulosa	12q7fmBDp1sElDvbp86Edr01BPTcz7K__
GAON-Huperzia_squarrosa	1OzD5wZzNsA1ErwjpfXL_kN4QOvXWWWNd
GBCQ-Aerva_persica-juvenile_leaf	1sAT0XL9RR01j002B00QwKACt-M86jnFU
GBGT-Xanthidium_antilopaeum	1KzkwRUcR87XapHtAszL9eh-NDsbJJjFT
GBGW-Oenothera_speciosa-MTJ_118	1Au4YnhZRzq8V-KbpFePjVUcC_kPudlLs
GBVZ-Thalictrum_thalictroides	1PMObgT6GYYq9SsIq-5NPZ9LlS4iT2kYS
GCFE-Verbena_hastata	145iSupwA2qX5WSZFizBJ_6TfU0RREALA
GCYL-Portulaca_suffrutescens	15XnIXOrLpmhkY_J3k8gqsbh25PbvfC8v
GDKK-Gloriosa_superba	1jWh1PBBQXqlGkPOBWKoCC6vzP8qt2kRz
GDUD-Chloromonas_reticulata-B	1-9AT15DcwJmDvnd9AgZHUzEQ6Tl_slt7
GDYP-Boerhavia_burbidgeana-juvenile_leaf	14FXUuJyEY5aNTYna_Hl0FsRbDHnpiIOZ
GDZS-Byblis_gigantea	1We9fFI3bdx8gjGCmFGQT2WbHp764-g6r
GEHT-Gleditsia_triacanthos	1aIJFmoWOvXdCLoS9d4ohAJvuAOW7mXQa
GETL-Pogostemon_sp.	1eViboCVpwlQiDqSguf5VOiP5sGflmuk0
GFUR-Chloromonas_subdivisa	12QPcG2SjKg72DLErua1N6D0YS4GLBO50
GFVW-Flaveria_pringlei-juvenile_leaf	14sR9jTpOOnWCehlRoFPjpv82hLM6VZCF
GGEA-Cedrus_libani	1HT3gA7yXCb-KruSUal-9sulNMcGGUwY_
GGJD-Strychnos_spinosa	1zQVXvlgucNrwqy-wVKhn3beUlI7B-ro2
GGWH-Onychonema_laeve	13WJdeEHlx6PzBujwpARTF8gs_Ky61106
GHLP-Solanum_dulcamara	1jgbkb7vjexvVfCxRsKEtpZziZtn8qEu6
GIOY-Corokia_cotoneaster	1Kk0eMElATNtySYEgY2L7-sN24CwhlUm0
GIPR-Aucuba_japonica	1v3w-dvVWAPTmG8xOtJMtSBySi3-TG998
GIWN-Sarcobatus_vermiculatus	1KpOfDtGy1maWP4LElhh036Pp-voHlZOk
GJIY-Pseudoneochloris_marina	1-S6oIbG5upD5-VBMLNAHk9vgZ5Y2XMXi
GJNX-Cypselea_humifusa	1ojaL1yMmJ0XrAh8v7p6Wu4D4ywv_KdSj
GJPF-Allium_sativum	1yjZPmc8JxS-XaqC8Ng1cakCB2NZAziOv
GJTI-Cephalotaxus_harringtonia-leaves	12QsX3rdVMWpGAkC-3CoGnMJGDW19QsD9
GKAG-Huperzia_lucidula	1iM_01aVbPgCEDIWV63cCPKwBou81L-qk
GKCZ-Diselma_archeri	1Y3vnhEY1Vb7w3gi0a6GZV3-69xGNN3Qk
GLVK-Salix_eriocephala	1V3aVOGOA4mXph8zX35gRH3eF5NjblBTX
GMAM-Papaver_rhoeas-stem	1T4n5e2SCp3NwRojlq5EisQDXCbWM-Ed_
GMHZ-Cryptomeria_japonica-2_samples_combined	1Q0hHmw3PE7U3ll6XOQU7-EyT6grwnzT9
GNPX-Oxera_neriifolia	1kN_O0SYZewNdCd3VEmzHzUnRUekzxhOU
GNQG-Encephalartos_barteri	1R_9CGi-Wwk7KhdVRkcJBnM_DRiRkEpdA
GNRI-Digitalis_purpurea	1S3k6kbDEa0H1WGkt1xuVBz9R4hUn7Z4m
GOQJ-Argemone_mexicana-stem	1vqI89rTz2omDjm4lCTT4o3VY3pDZ9Ohq
GOWD-Sphagnum_lescurii	1GBonXrcQIbjgur9oGk62oqdimJN7fqRR
GQAV-Mirabilis_jalapa-juvenile_leaf	116TWAWIFsab0P9YezVTDV5ejRWysoOwu
GRFT-Buddleja_sp.	1cloVT_tJjFblyak1uRcmSuVOzzckBzj-
GRKU-Syntrichia_princeps	10sQ-EaPKOnDTUWQ-we6UPcifse1CMV73
GRRW-Grevillea_robusta	17KW3E6tUWdI4TfAmJ4tmdlwAiHIOxuiL
GSXD-Myriopteris_rufa	1Tz1nGia_-zifjWoE_z3XFht5WdsyiQ4s
GSZA-Lonicera_japonica	13UG3Artn3pZ29j9DkUlLxzZk2tYEn3Nz
GTHK-Gnetum_montanum	1Q8mtUYaOx8VpdN3ZphebxG79znpsDDO7
GTSV-Draba_hispida	14DqqQOs8JNT8dw0cijzB8a1HydKqcCZ6
GTUO-Huperzia_selago-B	1uNFOM9oKWbaP1bwakcGjyKUM_RmrW4rr
GUBD-Brachiomonas_submarina	1FvZ_Hr4NLOoX3ASNbF68SVVMW4XaGRi-
GUMF-Anthemis_tinctoria	18gc_1yUNJgU6PLG2QJ3SQlGkfVJUayi9
GVCB-Oenothera_affinis	1OIQ9Uijg9s5N1bfQykApPPXGpN4JILJ9
GXBM-Coccomyxa_pringsheimii	1gsiiKoT7MJOrw3_PHSw2qJ4hrTLi4yy-
GYBH-Codium_fragile	1RGcNCWpE0IBoQVxcZt_HphesOexy_LJ7
GYFU-Polypodium_hesperium-A_type	1R9oUZEwfRy1QICbq826Ec5YdMAVeHnUu
GYRP-Euastrum_affine	1GmUhJYXhFWM1pHQ_CZWthHnkRUhPrBD4
GZSF-Uniola_paniculata-2_samples_combined	17MNheRIZZSoScVAPqipR6KoNwPuTUCAg
GZUR-Oenothera_grandiflora-MTJ_564	1qCEkJKuDaFNgQ88MvypSI98uBIQ7WKwu
HABV-Draba_aizoides	1P92e_ALkmG0ukGizjwK_pzIbeck-B8Qo
HAEU-Berberidopsis_beckleri	1J8bly-FbGkrJ5s1khX3AvO9Pf3Bf5xAb
HANM-Pholisma_arenarium	1NY9iZa9jHvZiWNpabAiULfoGcz4JaL9i
HAOX-Spirogyra_sp.	1skJ4eGrnfpX-EOBVzrYgF1WZ880DzT5d
HATH-Aristida_stricta	1J67Ehm69xPugTd2QbXiHWjVFZ_M-NQgB
HBGV-Sequoia_sempervirens	1KwigT9wyeC9AfIQ6BrgPPg0u8TwwXlF_
HBHB-Aesculus_pavia	1ANrP-6vaeNf0-pZSDZrVMSdaQvA3njkD
HBUQ-Licania_michauxii	1NuA3k1089om_ZJMi5SnMuZTjvgVQQt5x
HDSY-Aerva_persica-2_samples_combined	1WoQw1OFWreE6SWAWDCxzmr3G8i_t7iyZ
HDWF-Francoa_appendiculata	1E_szzFFPI0vy3Tkbca7zcQC3VRQNNOmD
HEGQ-Gymnocarpium_dryopteris	1kesxNyv9STLdOi2n_UTgPsobtulF2JXK
HELY-Cleome_violacea-A	1HTMKaDFg8rFTK0YVTNLNU1uW4jTW9BkT
HENI-Quercus_shumardii	1pKAhzzp_PKFFbh-vYlaRyiC9p-kqN7nx
HERT-Sphaerocarpos_texanus	1mvh8HFxT-lbPiJdh8FIClwcxS5QcmgMC
HFIK-Sargassum_vachellianum	1HFeAe3hqJqCgjGY5ZDbFCkoRhZkttI4i
HGSM-Gelsemium_sempervirens	1dPRHknJwTZWf2CmMjldjI0-0B_wj3ACW
HHXJ-Tetraselmis_striata	1h3Hha-dQgk0BjwIitScS1Xje_IocXur5
HIDG-Cosmarium_broomei	1OoFSJiQJunfnjDf94wtAmUp1zDYwBIpC
HILW-Acmopyle_pancheri	1-G54rSmcCsrFRtYygR6mRbM8V9fr1iM9
HJMP-Astragalus_membranaceus	1tzC90VQ337HSLQ7UHBm0l9L9iScL1fMt
HJVM-Cosmarium_ochthodes-ASW_07133	1JxIvyvAa05H7ChgBu9DsMGt6MGTlIRlM
HKMQ-Oenothera_villaricae_MTJ_535	1h-zJ_g0p2qS1mBDK0j6KMUQDcQAZtVGl
HKZW-Mesotaenium_caldariorum	1C8nUDALC9V-IuV_iLaxiwYn_fsnVMyNL
HLJG-Viburnum_odoratissimum	1xfm81uUSzGzlug4_EY21msn0CMQUMZcO
HMFE-Allionia_incarnata-2_samples_combined	1gllz4VATTqRI0iBoTkePHUIX8pVQMrWn
HMHL-Marchantia_paleacea-non_mycorrizal	1TlWnK3rl1cG1DtCsaTOO_iyhsC61LfE5
HNCF-Linum_hirsutum	1IPhumB2ZX2-mvuim_EN_Aco-8JU6LuCY
HNDZ-Cystopteris_utahensis	1nMKHNzDHGiXJLqX5_RrjoHOEW8eUd6kG
HOKG-Nolina_atopocarpa	14NzsTt-eaJs873dmp9qxWIcTLNWnsPZi
HOOU-Oenothera_grandiflora-MTJ_541	1pwEZkQ2cvehcpSLpdQwJBdMa0He64ndR
HOUF-Cryptomeria_japonica-leaf	1YPBXLlooUBAH9omFkL6ItVJxvh1vTmat
HPNZ-Oenothera_longituba	1Xdbe_i51CXRnw4d6NfL2ca8qH-z6hqdx
HPWD-Forestiera_segregata_B	1RBVj3GntjjyBtyvJNOZhfl5t2xNljnbs
HPXA-Ptilidium_pulcherrimum	1CLfj3cjt0XfBw3z1RKR4Hgn6aILR65fd
HQOM-Torreya_nucifera	1GkEOhnScUMiTfVpTw8e5-i0eSXs3t1QU
HQRJ-Loropetalum_chinense-Soltis	1VTY25PuCGpjM-Aq7Rj_FkELoB9jvsd_s
HRUR-Utricularia_sp.	1owsxeFslpdseXP5vy9ZGQ2GVuX4kECiJ
HRVY-Flaveria_trinervia-mature_leaf	1B6jA3qWw-Oyl7pkG1wDbLj9UK9YzqnCo
HRWG-Buxbaumia_aphylla	1rgst6dtlXJ-C1ULfIsP88UwkLDXeTc_T
HSXO-Ancistrocladus_tectorius	15UB3BGyDqtNiyWajTnRD8vI07du6DyJG
HTDC-Tamarix_chinensis	1Ss3SJfx2jvCTL4VtEQG-mMSFxVyub3FY
HTFH-Onoclea_sensibilis	1isDO8MkOKoHp9ncZlgq-8qdONvwJmlgx
HTIP-Paeonia_lactiflora	1cTqtMDdxyC5PRvMpCUxGBt0kBLN7PUOw
HUGU-Boerhavia_burbidgeana-mature_leaf	159YN2e6yEocjTOWYIeLUYCcWZUwRPuZs
HUQC-Scaevola_mossambicensis	1dw7KzQdtOZbgKn6gPGGzPssfwaU9vr4N
HURS-Mollugo_pentaphylla	1hEx7--8D6creSvXG_qbOsqSXzMdPeaLY
HUSX-Roridula_gorgonias	1OczK5PD2emldWk41PkjWgCAJru4BmRjB
HVBQ-Tetraphis_pellucida	1f6FXNIWuJxAuZZsLciGwAv20QzGGPMRN
HVNO-Tetraselmis_chui	1CaSUtnzR_NpYBzFE4igtp2zVuqw1JZxA
HWUP-Sabal_bermudana	14jVJxLynNQ1Tm0eG1tT1AYAUJm01sugg
HXCD-Flaveria_vaginata	1OQkRxJ6HSAZQmn-pI11cgEuAbhvNJpv3
HXDV-Flaveria_pubescens-mature_leaf	1_aaZ5I6rBcst_Q5f9dgzh5l3kiNCL6B6
HXJE-Serenoa_repens	1NYhqW1TAF365w1rdklVlnqottXYHQsB1
HYHN-Prasinoderma_coloniale	1Fui4C-BzsXcYqd6meQ_i2iPxP4aaszUH
HYZL-Akania_lucens	1R9FRC--22bP_CHraZB9PRj0vUbDj6Bih
HZTS-Sesuvium_portulacastrum	1hw6RtDiIFUlCK9Q4DTXQQjE56i14fWuD
IADP-Deschampsia_cespitosa	1FOvqY1tasSZjIZV4zeVWznEricyGBtu1
IAJW-Amentotaxus_argotaenia	1UzOODsx-u5t7BfwO4iosYbaL3y4QwW7b
IANR-Rosa_palustris	1Nu6Rm_6qS-x51YJ4QkdolVjED5obuWjs
IAYV-Rhodomonas_sp.	1ajUqLcjqU_yA0U_VrBj-0jaXqGD2o0c8
ICNN-Yucca_filamentosa	1fP5ghFEBoS4AbMCYrOTcGauw8_YZwpJM
ICOX-Eleusine_coracana-3_samples_combined	1bmiw8NPVGChHYCL_ex7b9qBUAQVyz7YZ
ICUS-Oenothera_laciniata-MTJ_98	16QtZHOT1g30kfPtX4S41Pcw0ZJJX5RKB
IDAU-Oenothera_elata_hookeri	11l1opx0NTuN2E4rGvb3tz89eEJCAbb-W
IDGE-Heliotropium_racemosum	19rlHJlyAXgRoqfoCs1nbZTqz2oyMbFNq
IEHF-Dumontia_simplex	1EXkPn3MrjeKtgbNFL1PSoGO6mVjpsCrP
IEPQ-Salix_dasyclados	10mll1Hh13uiF6tepnFm8DZ4-gfk3v41s
IFCJ-Canella_winterana-B	1-kfuh0zz7ob-lSTftMpDoyMUmSKCZ-G9
IFLI-Callitris_gracilis	13UPu0TRXgFtKaUZo2TM42ik2lIECUbQJ
IGUH-Leucodon_julaceus	1rtt6ncc0uSWfdwMiZXS8KX0Db_EncWyW
IHCQ-Crossopetalum_rhacoma	1JgMhM8ZaguWVXVUWtktAovHVYRa7Y_xK
IHJY-Kappaphycus_alvarezii	1sQfoLpFUa18RaAC4nCbXDvul7eagIacp
IHOI-Chloromonas_oogama	1QdE42IxGHrV1ofcY918AL4b47uWqfhTu
IHPC-Platycodon_grandiflorus	1C8LOGHaVp64VKaTSZ5ImRD4qOuM0ZL1A
IHWO-Marchantia_paleacea-mycorrizal	16g9BX8sB80h5y3SiU5q7_t4qTQkzzJV8
IIFB-Oenothera_gaura-MTJ_677	1SL27aRGGza7MKM9yQcnuh3gEqAw9W1qZ
IIOL-Pinus_parviflora	1BO86AOf5klSzzYVlYbVJJ6NZQ2o85XaQ
IJMT-Aphanochaete_repens	19FT9vw5X_fcVElP9j9GQf4-SDEGIuAHc
IKFD-Quassia_amara	1dnH5hgz4VV2jDx7hGlSmlJqpiSfY5fiM
IKIZ-Grateloupia_livida	1IMWVS2zv6PoEeKA_Tlr54mqJOLtsPrrk
IKWM-Gracilaria_lemaneiformis	1OEuhyruVwSrLMz_jXTwsU9gFl2vxBcE1
ILBQ-Conocephalum_conicum	1OXEAAhkVDzCYemq-L4cuYSVy_T6xV04c
IMZV-Oenothera_grandis-5_samples_combined	15kPNOU70lCGtWYnMGFHBT_V5a7CWEP7o
INQX-Salix_acutifolia	1qlbRU-AOp_ej7FAEdyjOqwkNP-30h0-L
INSP-Myrica_cerifera	1wL8xeytBOq8JtQhh0xQbsaDqKg0TbpeR
IORZ-Papaver_rhoeas-flower_bud	1h2kHgH3Rinw8TifJMwZV6ftU-_10YyYq
IOVS-Pseudotsuga_wilsoniana	1dxS6jzv64u0UlJPWQQL1sPNWm561dxmR
IPPG-Heliotropium_filiforme-juvenile_leaf	1Yak_z-DZGfKotArnG_9nTCxk96eUNcmy
IPUI-Flaveria_brownii-mature_leaf	1cblRpy5ZbTJa-cUW9enFO-4v40VOJV3d
IPWB-Brassica_nigra	1AEMAZz26cbemuD-PmDwA2qRW7doe6MAr
IQJU-Anthoceros_angustus	1b-1j2NgdiXTfVY7Z9l4HINgdwW28Jq5L
IQYY-Narcissus_viridiflorus-flower	1xoF3qDZ1x9ilSTq27X40oZr4yPo-bJlp
IRAF-Argemone_mexicana-5_samples_combined	11bqZjScaqD0UiRaUxd3KoNffowoT0x-C
IRBN-Scapania_nemorosa	14UimQW9XhLtIm_2EqdbtKM2Iu7j0aR9L
IRYH-Heterochlamydomonas_inaequalis	1LwFdWBOAjUFLff5zte81EgxahOKVRPqv
IRZA-Proteomonas_sulcata	1MzRaxfxq4aMcwdJILalq7mNltuwHoVPz
ISGT-Uronema_sp.	1jj7hBMJb2HnGgadhidcoEtWn1jDVRfOe
ISHC-Staurastrum_sebaldi	1X0jtp8boWcB6X8bc5e5zsKtmup2yD9u2
ISIM-Nephroselmis_pyriformis	1thZrv4SlAy6kUz9qzVT3vyRba0yVitFx
ISPU-Volvox_globator	1gnHrDosSv-Csj--HugRuRK80rNa3s7F8
IUSR-Myriophyllum_aquaticum	1HV04URr3F5NV1Of0w4EeRSLmFeA96VmH
IWIS-Portulaca_pilosa	1eIvgM2_JaS-63sdAdzA4QQJB6_mhIW9t
IWJG-Heliotropium_texanum-juvenile_leaf	1bzwf5p09WHg1zjH3-PDt50Vf6_V4UbFX
IWMW-Buxus_sempervirens	1dAI4j3FkV5VJXdynav1YrcLyez5d1s5p
IXEM-Brodiaea_sierrae	18Uml_jM_UyFHUgbH5_0W6AH4SKePaQoY
IXLH-Polypodium_hesperium-B_type	1r_2mzFxR6GwxknGv3D-YBxMT-jm2tvbB
IXVJ-Menyanthes_trifoliata	1xSDiEny-wQHJpEErvcAlFegVVRf9KyQS
IYDF-Thymus_vulgaris	1VsPBik1vL7429w-VKhrV_uuFeCuZJJ5i
IZGN-Dacrydium_balansae	1pLV6PeNKBBSzVFCVr9kDF4kuTY3TiuPl
IZLO-Lobelia_siphilitica	1C5hdq-cqBgvvGxb6ZgVOH2p7rrEHYPoX
IZNU-Ipomoea_lobata	17lZaSibZmhNyqgmpu9dFTj1Ol1FoSIi-
JADL-Rhynchostegium_serrulatum	14QEHodSrPR4kAVnA0JOmDhI_ym3lvtQs
JAFJ-Bougainvillea_spectabilis	1HhfpYZFMPVP7M1U1sEgrpvDguUlRJknT
JBGU-Amaranthus_palmeri	1nIAlL9Rd1WxDK1lHe377hTbipvTS4G2x
JBLI-Bolbitis_repanda	12Rs4_5gptYzjqrOX18hSx-hm55TuE8_t
JBND-Pinus_ponderosa	1onX-swIFKDojrLRiOjNX9CD5QMDA5iAV
JBYE-Hedera_helix-ground_root	1EI696B-Pyr8rrNhbeqSo_Zcs1ulA-t9X
JCLQ-Apocynum_androsaemifolium-A	1cs7gowV00dDISlbY59DdKp3N1IY3onJ9
JCMU-Pinguicula_caudata	1gQc8y1WcIS4X0B_GoO_VKkjepcTRh4kn
JCXF-Scytosiphon_lomentaria	1FTXvaydnNHaajoJt1Vh-Auyv_2PD7b9g
JDQB-Neocallitropsis_pancheri	16ciSpcXbKTM4mPGVBCggSMYKlxiPmOEM
JDTY-Rhodophiala_pratensis	1Wy6AsbFw__phPxAoJ1SgBctCVOz0DdOA
JEBK-Eucheuma_denticulatum	1nDsrxKfRSEVU5mIxxEaQl7aezhItqfmW
JEPE-Flaveria_bidentis-2_samples_combined	1y-yQ_VJOG98TwunkYVmgZy96I78H1aUJ
JETM-Bauhinia_tomentosa	1S0pdZWY3qFBl7xYOO9xqQKXzhIZoV9i-
JEXA-Impatiens_balsamifera	13DwV0mczUp-Y2p84tu_alsJEAA77oF07
JGAB-Mirabilis_jalapa-2_samples_combined	1Mr2dhYv24T5vo_uCoW2y_DDpoufZVvqh
JGGD-Sargassum_muticum	1JzHIu57TuXNhjRuaxE538DnKkDAyj0ew
JGYZ-Holarrhena_pubescens	1v9LDwAVAvQQraStFZlI3CENBjwhYNa3M
JHCN-Oxalis_sp.	1TdKyD5pa_T3pMLSjQkrIcbZ7EX7VQykW
JHFI-Pellia_neesiana	1rj5H3KKbmwHfC6i4hSU6eLFenmrONY_S
JHUL-Hemerocallis_sp.	12MtQgOAN2xl6UEX14IuidbzDlG5JeANg
JIWJ-Acrosiphonia_sp.	11FxtqJuWMw_27py4GcpboN3F-ixRBXNY
JJZR-Rhodochaete_parvula	1yY9R2G6pFDwvsP4hxT25dKpC8n-xP-dh
JKAA-Selaginella_wallacei	1cA5QYvY-sAcJkULLOgns1OMluNJhp2Y9
JKHA-Cyanoptyche_gloeocystis	1mVqs1-A65kfneuhzkTY0rI-b0Otu-ste
JKKI-Lobomonas_rostrata	14Yc3qUSapnhimplVt3Jwi78E7EdWrWwh
JKNQ-Oenothera_suffulta_suffulta	1--064pFY--ZfM8cMhQYe2dv1FPl9enot
JLLY-Melaleuca_quinquenervia	1Q85dC2LgsvYStfdkP8lscoRfsHr9dC-O
JLOV-Pereskia_aculeata	1KKRBYd-ZdbvMjgq-si2ECsuIpo4yXQrN
JMJV-Oenothera_gaura-MTJ_671	1BTmZAtMgS2HHRLWDonjD6Wui_UjiZgMH
JMTE-Pseudoscourfieldia_marina	1olGorEVsIsuIh7pc5j7eV8jXeLv0GSSR
JMUI-Stigeoclonium_helveticum	1GGPBF9i1l90suGuC5RsLG-jrgI_Cy6Pm
JMXW-Bryum_argenteum	1mJsC4mR1e6WaFZotiElfihb5-xq2969_
JNKW-Cicerbita_plumieri	1uMx9WYo12CHf_xHop_J1OlhZRAQ4q01U
JNUB-Maranta_leuconeura	1GqEJOJwZQdwaWpI_OVomsFZNXzWub6lB
JNVS-Datura_metel	1NENJFJNj6nSeNjBOQTpUj32TL7t837qO
JOIS-Koeberlinia_spinosa	1a2U2U8n6R3mL-4ArrI19br0o1E0-zaZ8
JOJQ-Cylindrocystis_cushleckae	1m7PE4d69VmrfeNZGa8TzESlkBVdEfrDx
JOPH-Psychotria_ipecacuanha-root_culture	1B36eksrPPta_cacZsK9Sfu6G9Skezv49
JPDJ-Symplocos_tinctoria	1yVzKE8XDngGG1Xw6BbJTXJ3dwKVZJXEb
JPYU-Marchantia_polymorpha	1ZFLtZh99ijzhve6GUg_Ufy2eE4PJVn_s
JQCX-Curcuma_longa-A	1usQYfR91o5kGEk213mnCkWb759d43P_t
JQFK-Picochlorum_atomus	1TY6rhFOCmVm80jiQ_OtjEsHpEGhC05ZR
JRDV-Pediastrum_duplex-3_samples_combined	1nEyYWzO_omj8XT0j3tqGfQ0tezzxwxM-
JRGZ-Chlamydomonas_moewusii	1ytaaWurmzGY51PUGgcFxVMugWo-kXfJ6
JRNA-Phyllocladus_hypophyllus	1fBZEtetSw2z61ImnDFOBe-Ws-U22YtR0
JROW-Punica_granatum-young_leaves_A	18zUU7SJSpLOA6YISjbfMUQ83t913yfkr
JSAG-Masdevallia_yuangensis	1Al3tsVKCa8az9ZobTenuAllmE4-LOOZZ
JSVC-Papaver_setigerum-root	1HUfp0NCtJzNkABMl1iNMoyst6cXFILb1
JSZD-Bursera_simaruba	1_rdyY7TGXFlSygpfpRVCXXhHc8TpLBSb
JTIG-Bryopsis_plumosa	11hvtY9cuyojqRYxz8Ch1VxOyqaNkj-Mr
JTQQ-Glycyrrhiza_lepidota	1XfFqC5F0RBhFKLhAEOLiB-aPmVHmXrjW
JTRM-Dipsacus_asper	1cwlkac1FHKfN6Tnl767d8NGtdY7GJ668
JUWL-Keteleeria_evelyniana	1clOQjKcgrcWKnzAjvDQZUH-eCP3Dzn3b
JVBR-Aloe_vera	1IvaxOM3VhB71Lk8SLXj-jwptiFunRFqS
JVSZ-Equisetum_hyemale	18UewuwaQMN5oFoKYYgaXZyAU8r6G8kxd
JWEY-Heliotropium_tenuifolium	1y1a1UqUVzkesR_ojSnIsYY6Kn1g2ebWQ
JWGT-Volvox_aureus-M1028	1_gEKpSL-x226jG-4DyBsmx4lI5wh6mIO
JYMN-Flaveria_brownii-2_samples_combined	1ObGNMyGq_YPBsAkTYB4q_DwwmXHDSsfY
JYOB-Oenothera_filiformis-MTJ_380	1TwXzQxbpCazgmUylSuF3vCr93BjgpaYd
JZHZ-Flaveria_pubescens-juvenile_leaf	1j-hjeqjnef5LEcQXUdWugDw7_MiEZGyW
JZVE-Parasitaxus_usta	1ivCt76rv5Nf-WbmRCTMixu2yXuFHXOBX
KADG-Ignatius_tetrasporus	1OmmiZsJmwNSYWCbuvcqqz5Oq9LDHtwM2
KAOV-Punica_granatum-2_leaf_samples_combined	1m8eKoy6-qCvvz6r2MDQhSsxjxHZlC3ya
KAWQ-Stangeria_eriopus	1gdcv9UEa7AoLC5RPg9ekd3ql1jP4qXsA
KAYP-Lindera_benzoin	1x2k8sR6rXF9r8tW_EewJK6A3L8GY0Tab
KBRW-Oenothera_clelandii	1exo9JKWPaVnDRi7JA9dMPKUCrToymjPb
KBXS-Allium_commutatum	17Ea0CXezXCYgyg0HW4qBhMaY7xxmayxL
KCPT-Linum_macraei	1-eHab1Tyb8GjgdoVju5XmZBVmsDswdmm
KDCH-Portulaca_umbraticola-B	1qrk5a0r7xiUQVXDJdBguidCSaT63DgnU
KEFD-Encalypta_streptocarpa	1_it7vpmhnbdLSbw97FUMNoauv-H8GgGA
KEGA-Glycine_soja-9_samples_combined	1qBPoRl2Y3JEEonehiqwS6HMoPrXtAp9o
KEYW-Gonatozygon_kinahanii	1A3aLVuJYMhF9YAkq9lkGByX4jENjo5os
KFAL-Oenothera_rosea-MTJ_392	1fImbW3VckQuIt4-gbc6x49PcQBDSdJ9G
KFEB-Haematococcus_pluvialis-2_samples_combined	1FmeoVWuooVydbUi52-RwURFCHUFiwnBF
KFZY-Tragopogon_castellanus	1NMu3mjY_2aLDxgNe12QygLpk-eZx2_oy
KGJF-Tragopogon_porrifolius	1UKemetIHOTVLXHGJLn9_ZmnjYWH23X5J
KIIX-Pilularia_globulifera	16pnYSwYlGkHdYSI_fQwxZxFLj1z0UDnr
KJAA-Mollugo_spp.-2_samples_combined	1n9sKUPE6Bo6lDz_Q6hSDu_iiAEbaBuBN
KJBH-Flaveria_cronquistii-mature_leaf	18Kl_rya-1r1_pfqJcqtNjRxZoA74Hiu5
KJYC-Selaginella_willdenowii	1o56asfxgYUFzlbk1ftAtxNys4HDGVcQx
KJZG-Asplenium_platyneuron	1GGk-QOCbRgAzQrqEjV1hw5WKI3hEWeUe
KKCW-Papaver_somniferum-developing_fruit	1Bf6hebzsd7xvODxyOnuTF1SUNr7h53kX
KKDQ-Salix_viminalis	10_EWFFM69ZwF52c4BRvBjiUJzsLXpFnm
KLGF-Sundacarpus_amarus	14NiUS-rbB8O1mMC9KgnYEVe9SOvXI6XC
KMNX-Nucleotaenium_eifelense	12piOUhfozMwlHjtHNnSr4TRhr9NpLVY0
KNKV-Heliconia_sp.-A	1OBDDE854oGWuUREldlNM9Cigc_lPupzl
KNMB-Lathyrus_sativus	1MORLD7Xdi9yyjVSS7hoBZAQ8YkqU-l7z
KOFB-Urginea_maritima	1apcsG_jgsS1phzAyuzb6owr0YHPKRf3w
KPTE-Bixa_orellana	1wM7fxBOUyaHVGwTT37vSwqF9zOTddcWS
KPUM-Exacum_affine	11NTcjEVNLWwZlEi45n3PzV1DIEJ1DT3C
KRJP-Peumus_boldus	1d4QOhILqiKRUGkyhKjGXwa5ggJCys45s
KRUQ-Porella_navicularis	1YlbRqo8CvE-R7g3DfLEr0QL5XyBvTr6V
KSFK-Desmochloris_halophila	1-qKfuf6xK-0JMpZGAeDH7paw5pWK_YbW
KTAR-Chionanthus_retusus	1KlA1D-WvlOyUv9hwcp39zqMbbrF6zMLY
KTQI-Alternanthera_brasiliana-mature_leaf	1w-KEs6XBZzSfMcg3SQ1_npjF-oGamwjM
KTWL-Kaliphora_madagascariensis	1aT22nEiJWR9UG022iQKqgAefFBbc1ZxI
KUJU-Gonium_pectorale	1pWmqSHH3EY5H--CXvZVxj1fGqn1RymgW
KUXM-Selaginella_selaginoides	1g8Z33V_UQiWj3ItdsU8DkuttS8lYVDHD
KVAY-Tribulus_eichlerianus	1bbCVZQbu6wmnDaTgdUNBG4CntJBWKJY3
KVFU-Diospyros_malabarica	1A9GWxG_M9ko6-50GgYXvjbQ8P3xYdw5y
KWGC-Crassula_perforata	1De-Mel0HmGMAE7gMn-gRhW6IkNPIClIL
KXSK-Agave_tequilana	1Yg1ZjW3wk2kJsWpT4YLdBsZHHY_ZczWw
KYAD-Celtis_occidentalis	1KvlWKdWEU0HjfrJDw7fJNJwzViFYnsnY
KYIO-Mesostigma_viride	1wx_AsDb-UnXn8sKJZYBp5T0Jdc-6jei-
KYNE-Cyanella_orchidiformis	12AmtwzrMj-ozaiAcZVC3aAbx3PV64rQt
KZED-Senna_hebecarpa	1n3-j1H02Ywgjzy-r9uJTXD95x2kMRzaJ
LACT-Oenothera_gaura-MTJ_651	1sH2HzG5ON-j9N97kRjw5VMcMUS_cXsPa
LAPO-Draba_oligosperma	1g5VhZWx6DSEp6LhsEQeFHxcEttvz28Xe
LBRP-Chloromonas_reticulata-A	1yKNOc23DkDPh8uCfJJK9bZL4F1lGAbvO
LBZM-Atriplex_rosea-juvenile_leaf	18Ne35FYEH-EBmPkDpPMg7lUIm7XE6Cze
LDEL-Portulaca_amilis-2_samples_combined	1nAkqcu6byXL4tjau3YpCEgKMDDuWnLCc
LDME-Amaryllis_belladonna	1RYNrXzYBRgDZUN4TySAHdQZg1PnK7m2T
LDRY-Sargassum_fusiforme	1Vd2gP0cAZ3DMcvaXmBo8ehC3xz-tJy_7
LELS-Haemaria_discolor	1lAW26EewYlLAsYnppKErbjMSRrvbqcOA
LEMW-Curcuma_longa-2_samples_combined	1N6DpmGoeg59XEHlfK3Vce0wqam-VWtLK
LETF-Planophila_sp.	1OoRdv0f5XEugbJdPx5UmugD5U4gvPRzF
LFII-Linum_perenne-vegetative	1epwjeIPaScbOpAhWPYrdaIPn_luquyfN
LFOG-Salix_purpurea	1ZBXRNnSkUU3mxYBqeToyd6tEzPZKMIs9
LFQH-Portulaca_amilis-juvenile_leaf	1UoXWvGcbZTUNYPcBmdJqS7TXrDmakITl
LFVP-Marchantia_paleacea-2_samples_combined	12lhVvuv6OyBQCqefQOZUCfcYjeGkgjlB
LGDQ-Selaginella_apoda	1TV4gEhmSjBLz3KoBL_nM2c7aC0ZcFJm4
LGOW-Schistochila_sp.	1ueLeSkPkWLIs3GnYib9929WG2YUjCZy6
LHDP-Oenothera_gaura-MTJ_673	1nDtHDh7VozJ-IGyKktNFYsvh0uNzsViG
LHLE-Cystopteris_fragilis-young_leaf+unfurling_fiddlehead;_appeared_sterile	1lW6yQLvQ2CwmzbdnDuXvx3CVl-ZYgNnt
LHSH-Punica_granatum-2_seed_samples_combined	1r5bLgBiH721TDZDAfmPjqIAHeSfoEQkK
LIRF-Dictyopteris_undulata	1XrNo2YvqxZLV8ZRmdDdeioCggKWPYZdX
LJPN-Gracilaria_blodgettii	1ccDDfSnA9L9jFuXUQkzpGtTJO21w1Dwl
LJQF-Draba_ossetica	1pfAP5X9vsbjc4AB13Y-KC32gYmWeGps4
LKKX-Talinum_sp.	1gWa1QhpspsRvvrIl2w5SxC7S2cAIoV4s
LLEN-Pavlova_lutheri-SAG_926_1	18GiQIwWVIqPuASVABmWkAGx1IYyddJ3-
LLQV-Portulaca_cryptopetala-2_samples_combined	1JstC2KTEvgtNB4W6S1J_JXy8cqHtD-Hl
LLXJ-Chroodactylon_ornatum	1N0Cq682av3skqHZ7CNw4m7O8eZ_SCKCt
LMVB-Liquidambar_styraciflua	1R5elj4Jt2u84Fc7KcbTp2-mi4gKQlgnl
LMXP-Flaveria_brownii-juvenile_leaf	1_bo33n6Cgphcjfy5ajkZQG_ipc9Ql8iZ
LNER-Casuarina_equisetifolia	1gnrcNlFeyUra-PcrbakSo_KvehMOgCxe
LNIL-Pteromonas_angulosa	1MPmONQ_UgbTj4nLua0M1elctX8jGTl1S
LNSF-Stereodon_subimponens	1IWiHLkDu4gm444HWdII9up7p6lJdvvkk
LPGY-Viola_tricolor	1VGC4zkp8xjYxySVIyELnCnD4ZbX2cBH7
LQJY-Solanum_xanthocarpum	1w8isyoG-jFedoHn6wK-_ZKP78r_3Xfgq
LQUX-Glycine_soja-FB_root+NaHCO3	1iND6in6uUJ3nDFypTRGuEerV52jDmJD0
LRRR-Teucrium_chamaedrys	1V9HuS-BiiC3LXzAQ7ZgEJFBYO1i0rVn9
LRTN-Monotropa_uniflora	120XixcrZuFJQjsiFoBGgnKrZQbpVrqRy
LSHT-Bolbocoleon_piliferum	1kpu-aRlfuDrU_TXcP-W8S8B_6drMYoDv
LSJW-Ruscus_sp.	1lxNWsi5RkwsMgzdfWMFbriPkF_uGIf3y
LSKK-Orchidantha_maxillarioides	1ev8SUx7y0aXXyx7SRJ0Il3HYRFWRp7LU
LSLA-Euphorbia_mesembryanthemifolia-juvenile_leaf	1j6j8qUcfcL3vGIU-0k5dLk0loU3l8eqD
LTZF-Sisyrinchium_angustifolium	1CS0Y5Ou7XYGQVr50EqMS8ouzC9YtSCXF
LUNL-Alternanthera_sessilis-mature_leaf	147VEvKrP74LkQvE2mAelU0n5vcMzcH8M
LVNW-Cocculus_laurifolius	1m9BHg6DL2PBD1MPEN5oJdXCbrpnTf2lG
LVUS-Cleome_violacea-2_samples_combined	1BMP1AbxIXEpD0SJeSaVYXqo6yqbImSIC
LWCK-Lycium_barbarum	1_XJOM8oxzMTaRFl6M6yopT_4Ih1RdD_a
LWDA-Alnus_serrulata	120AM0PRBMf18mxtCv2O6G9P5xGdx8FWH
LXGM-Glycine_soja-root+NaHCO3	1vA0z9729D8epmwNxk3tgvJd5HeOL0VVs
LXRN-Prymnesium_parvum	1LygEkd4_U5Mdv9RPoSQHEcvXNFPCmSmM
LYPZ-Flaveria_pubescens-2_samples_combined	1sAUtP_xL3S_SWCyjCU_8n-Hjz2Dtjjan
MAQO-Gomortega_keule	110yTErOvnA0jZ4XAk_y_fR0xo_kwwAmy
MBQU-Cleome_gynandra-mature_leaf	1ccWPxgTvF-TjbIn-dT38_kHuW4QMWxZb
MBWM-Boerhavia_coccinea-juvenile_leaf	12_HkcJSFIGcyz9NeS6K9nQWQ5oSpNze2
MCHJ-Micrasterias_fimbriata	1s0Ty_O52CnuLQlOEq22Jkt1AOjY3SCrl
MCNW-Cannabis_sativa-3_samples_combined	1H5KO4PvmWdj_NHvBiuFQT_vpha9cgMTn
MCPK-Bathycoccus_prasinos	1wMa7fTdcT9B68Zs0_IOxPMsPUp4jDRGM
MDJK-Heliotropium_texanum-2_samples_combined	1ABjl3voCfWch0SY1rTspV7l_TjHBPv5s
MEAH-Aerva_persica-mature_leaf	10C4s9eRbk82q_IhM2ch6gWoOKfJRRbgh
MEKP-Dipteris_conjugata	1FKDUj8Rd73vluw5vO7tP0n0G-MA2mglv
MFEA-Stackhousia_spathulata	1gk-AO3voPvwrl4WxDFM2mai5f3L-pz2P
MFIN-Pistia_stratiotes	1rxQHYq4LRMVQYPZsODEDww33F6fIX-L6
MFTM-Pinus_jeffreyi	1gYiD0g9K6ke3QCBAuRmYKoJ6223-mOOI
MFYC-Nannochloris_atomus	19XslmmYBzly6ZCU6KJnFlTHzW_cxdo_j
MFZO-Zygnemopsis_sp.	1HaLIp1HNh0VUu6X4_q4p31P97NHWKhEN
MGBF-Acacia_pycnantha-Nov.	18pEYGM2mGjN2b1P38XO-1o8OX2HRMG_X
MGVU-Allamanda_cathartica	12YY9N2Sr8fF_9F4cUR9KN7TAIGYEazXV
MHGD-Microcachrys_tetragona	1oly0ZEFNzFjpY3bI_grXD_e_e0tztiov
MHYG-Conyza_canadensis-2_samples_combined	1Co-zJmo_SXv4cCrulNhioTXMNym9m-w4
MIKW-Papaver_somniferum-root	1uIL9ANERNRsNsOOCbl7YGA4sLOZhHi7M
MIRS-Climacium_dendroides	1MdhXikBb0xCM1ryu15NGeui1Z73GuH3v
MIXZ-Agathis_robusta	1vluUmA5QdbJ780qajm7Hl-zUNlhDizBu
MJAV-Linum_usitatissimum-stem_apex	1QEas_7OYg3lLX0HYwVqjoFFex4xlg0zJ
MJHP-Oenothera_grandiflora-MTJ_562	1ZorWukiPX7M0SeAtsneZtGYfucWisZV2
MJMQ-Hemiselmis_virescens	1--qcVW7v1QJbLWKVKZWEks48rqrxGpMC
MKZR-Nicotiana_sylvestris	1BK5aklMy9GLjsmZQJJCs1LbX6QgR4H40
MLPX-Papaver_setigerum-stem	1MF3izs1haKph2sLUzynhtc1b4jRs5hYC
MLUJ-Oenothera_biennis-MTJ_658	1_0B_6it0WV4OxnieqIrkDTTNbZ-UE24Y
MMJI-Lactuca_graminifolia-B	1j0xqrOaka7a4MD7i5VRwLzi-db-DHUuS
MMKU-Nephroselmis_olivacea	1x6j5-kROD4AwqGIjWAaGwu6n9O_S5qVo
MNCB-Eremosphaera_viridis	1Y9I7yG_6YoEsoEU84vUbeCorUN-xaNtx
MNNM-Cosmarium_granatum	1Cc4OQQlDPwPYdYTzp40f2nJ7Nq_-ukQl
MNPL-Asteromonas_gracilis-A	1CDfaVn6nQi8SbnqHB9H51oEHD3CE6kBL
MOYY-Pleurotaenium_trabecula	1luG2vc0dfQsDOhVb9Q9-legFtuKp2p6j
MQIV-Phyla_dulcis	1ajsbgIrEMUcywRocCSguOf1WlP6MgeIE
MRKX-Phytolacca_bogotensis	1dd2c5UG9G7eMin59NX0n_YIj_jeKicVd
MROH-Thelypteris_acuminata	1J72kQ_uYm28RwSRF8Y4YIqi5oTMeG7e2
MTGC-Dennstaedtia_davallioides	1pLnDjwlDnqIYYwrP0GZ7_h_PMGtMnNJq
MTHW-Platanthera_clavellata	1GNH_NCAhnFCjwVbkhh2IJ26ohviAyAN-
MTII-Acorus_americanus	1_Ww-yp-ZTB1cVv5dQKO4fG_MC6dymy2E
MUCT-Atriplex_prostrata-juvenile_leaf	1y4fjBArY1VaAt6_T2DCNiDjFYdDih_bL
MULF-Chlamydomonas_bilatus-A	1d7MDAXBJTPdLFULEmizlgKbMOzsnC-5o
MUMD-Lomandra_longifolia	1lQpO7o8uv_FTQKez_ySeHGWHKHMUvo5X
MUNP-Piper_auritum	1oCJBoahknLq-C3-Oku-sqtFHIp3tJ2gh
MVRF-Sansevieria_trifasciata	1MbHPXn89LKEj__sBzkaPu7z96dycNeRW
MVSE-Griselinia_littoralis	1-e4B-iFYkuLYrVEjUNMpqJMACwNc3bb7
MVTX-Papaver_rhoeas-developing_fruit	1iXOCcXlWgbTUcj236vcH9IaLMa2qMW9H
MWAN-Neodesmus_pupukensis	1IP2NWDumcqtCzAL4n0rxv5mm2o2IoNKA
MWXT-Chara_vulgaris	1vUfrDVAlyQaM48R2-TrbMdU2fA9mIRuR
MWYQ-Smilax_bona-nox	1MpA4Na9eqZISb-ZxHE3iBfAWJMNZB-9C
MXDS-Spermatozopsis_exsultans	1h7WLJ6CrT8zLaX-6FfZX9r15zAHQCmHp
MXEZ-Pycnococcus_provasolii	1aGXmdptjTo2nzWg8uu56rohZmG-jLtmd
MXFG-Pinguicula_agnata	14xTi7P6UwBspH7xX0vr42SzcP1yn9ObO
MYMP-Astragalus_propinquus	1LLzJNxKBalbvJZoQ5TyxzzejyhBFJwIL
MYVH-Linum_grandiflorum	1TvlrS-x6FkOPMQXFqW0RZNw48IW0B636
MYZV-Tropaeolum_peregrinum	1bUMNN35TdLUPbPQ-jXl29zzBd3r61A6d
MZLD-Ligustrum_sinense	1JSo_K1kOffi5pPvjYyjSGAu8nSPko_Cv
MZOB-Heliotropium_mendocinum	1iGK2dJkSwa3w14bG4-xSI59fcXT39UZq
NATT-Trentepohlia_annulata	1K__MDHBl7Y466qzFqL9sQo7DofN8vEAv
NAUM-Ipomoea_lindheimeri	1UXEPLHCIg4k8OkjjhiV4030c2dv-0rh1
NBMW-Sanchezia_sp.	1xMxrAPyQwD0tNvg61I9ZbTwBGCR6GWBo
NBYP-Mesotaenium_kramstae	1wDpr20kISAb2oGDI3mZDCUsF6J6TEI2T
NCVK-Prunus_prostrata	1gZRus9eWtAcHx43RtFiPuoUGH5XrMYT9
NDPQ-Dunaliella_spp.-3_samples_combined	1zfsVaX9GQ5dnba5idUl5-wFtMN2XrreA
NDUV-Vittaria_appalachiana	1JvhITndYL2lK_VxY_spHD-9-WGKyyiUR
NEBM-Syzygium_micranthum	1XD4iAUH2118uBQzxTpynwVb8llF4olAm
NFXV-Mammea_americana	1wpwZ_YLDftKMVRvnnhQ6SD-Si2-0CLqz
NGRR-Ternstroemia_gymnanthera	1wDdbDbtz7PmazJ7bR9Ar9U_qCIb3Z05P
NGTD-Dicranum_scoparium	1IM27l3yqDVorwmhexgzCHm9RWpUabnnW
NHAG-Ipomoea_nil	1WLTCAa4SDToshMppWXc1_PWRwCNmjeUq
NHCM-Angiopteris_evecta	1NN8TDcqCSuYOhXGqvjxQF5B9qF0zY4Yh
NHIX-Colchicum_autumnale-bulb_and_shoot	1D9tiacopuiBGG7dQ3mDzUswimA1O2Kvc
NHUA-Castanea_crenata	168BxpExRTGRsfJSEO8oNgUIMPUjxjMeo
NIGS-Heliotropium_karwinskyi	1kyUhPhLdvaLpRoWKkVmv-b8uGj6hGBjb
NIJU-Heteropyxis_natalensis	1x59mx4A8mjayjEMywRaVHq289EGlh2ML
NJJO-Pilostyles_thurberi	17JX645vm1LIG3y2_B-hOchQ4pYoML5tR
NJKC-Eschscholzia_californica-stem	1TJcjJe9HIkv7aND5veMAS-S-0NmACQN0
NJLF-Viola_canadensis	1rL36ydxb6GdIOZ1IaajkexCro2i7lzu0
NKIN-Thujopsis_dolabrata	1jsw36cqwQG9L0DHaglVhK1tiM_856PLU
NKXU-Trebouxia_arboricola	1xUyONP7T8k8GLZGJKmBF2-ZiJTUNgrVH
NLOM-Pediastrum_duplex-B_CCAC_0012	1JWnphDkDNXMEUnh3IF7c15HZXLawqM92
NMAK-Pavlova_lutheri-UTEX_LB_1293	1BE0VRXjl9EQYfje_aRjnD0RwLwfe7gXv
NMDZ-Solanum_sisymbriifolium	1RpwJBiAjkHPAwf2qsSDWWYJ5VIYoZ8fN
NMGG-Hypecoum_procumbens	1cC_00MfOI_OtipOgGuu77hVfh9zUbsyj
NNGU-Coriaria_nepalensis	1u2GO9gQ5SJxItOksZand08Cum6RBcvZs
NNHQ-Spirotaenia_minuta	1PsSLH4TZbUL-fLv-WxFiSWbT-m6-9v_T
NNOK-Neurachne_tenuifolia	1EPMqw54ptfP950jVD-GyyRG6T0jjllWj
NOKI-Lindsaea_linearis	1tE3KCvVCyjZejUOWEfnOVyodwbefIq4O
NPND-Ceratophyllum_demersum	1742o17jW1jexkb5tNfa9E_RFa2-V9EO7
NPRL-Cathaya_argyrophylla	1izcdEwm8kkPPjh5mNaCvF74gKHa7FmOL
NQWS-Oenothera_filiformis-MTJ_377	1ZQn2RrTUf-WQqQZ9UiUdVgZ3waIY8M3S
NQYP-Pirula_salina	154NZqESjcaTGi4XcW7vK7lCmWAo5Wk5x
NRWZ-Metzgeria_crassipilis	1jFE-m2KO6FLCkD2jIv5_Q6f0b2aoN340
NRXL-Metasequoia_glyptostroboides	1swejK-P7NZrZAaM3r4Y0lLPvec9MqUlm
NSPR-Nypa_fruticans	1DhGCrPGxldZwXOQxJBlqb-4g9_44UIum
NSTT-Oltmannsiellopsis_viridis-2_samples_combined	1PcL7uhhvlN9kh-rIU3zjS2hJBT6rlvDD
NTEO-Pittosporum_sahnianum	17TA03qsun9sRr21Vb6kcCdRRybmX1PEE
NTLE-Asteromonas_gracilis-B	1CDzbueEzcY1pBXgdbR-7qmZ-ZbUJhWeM
NUSE-Conyza_canadensis-glyphosate_resistant	1gX9obHUCL_6hBPQBbYb96wVpEJTUSXpK
NUZN-Cercidiphyllum_japonicum	1fd8f6BCLcRB-uRLIgOin4wuDJf-DHdRt
NVGZ-Cephalotaxus_harringtonia-2_samples_combined	1v-SZrR2q2LQXP_Isx5tPcngteoOCgZEX
NVSO-Flaveria_palmeri	1PaTYEBJP9faMPOzL7keS0JjhJrfARWY-
NWMY-Kadsura_heteroclita	1Kx5-G9SmyA_TifryHWYOY_ACFdbwtOla
NWQC-mixed_species	15AZnJSzVpVsE1Rj8MQRjuneERNECnDE3
NWWI-Nephrolepis_exaltata	1Dz6vq8STEFpnNi4DnO2mHeiTd7jqXBEM
NXOH-Apios_americana	14Hw0LB5fTC4zUDFvkZGPe1IKd7P0zRmZ
NXTS-Mollugo_verticillata-2_samples_combined	1Sey7cYMbTCzMKAubeTaB53QIQJL3FIj-
NYBX-Huperzia_selago-A	1hNNOLL680aivJ5c5rYObKaEduGXqQR43
OAEZ-Percursaria_percursa	1Sz1rGXz-4S6F45j57iUTTnU9T_K-CGDi
OAGK-Matricaria_matricarioides	1Kyb7HNKwZwA8Op4JKLWacMYYBAIKeboN
OAQS-Glycine_soja-root+NaCl	1t4XA5xD0ILM2Dpv5mX2CzvDxSue-zmCM
OBOJ-Hakea_prostrata-leaves	1MDQpoV3AxP6pNPZBuMPpSShq5e-91BKG
OBPL-Myristica_fragrans	13GTypSkc7fwB17CTrF7dy9a1SzWaI6CQ
OBTI-Peganum_harmala	1YRssOGLAD0hUTUEgDSvx_0WobhDllQca
OBUY-Porphyridium_cruentum	1J7SQVulDgzsUicHJERW-8z0VqeUu-9XB
OCTM-Begonia_sp.	1kr9d8O8tt0GrYtSB0IbwDo032lvWF_L4
OCWZ-Dioscorea_villosa	1wcG5KdNT58CS4VIvxAiNMloPvIJGqXaR
OCZL-Homalosorus_pycnocarpos	1z3-kqTXmTFA9o4h6igcruEIyF_kA9yES
ODDO-Ardisia_humilis	1MbrJrre2fJqj-5wAO2C0nukHcl_wzZ6R
ODXI-Haematococcus_pluvialis-B	18Kik0cGHJJYInzhVdVSFrTo5fgpEt1VP
OEKO-Heliotropium_filiforme-2_samples_combined	15VRL-4O-iC0TCBhPJ3LxFdANcoVdFQ-s
OFTV-Barbilophozia_barbata	1T5i_KijWjwJHTlR20twuSfQ1EcKBpI4G
OFUE-Lobochlamys_segnis	1qGvckF0j9Dy_XTcRO-C57op5vXcgQXHD
OFWX-Mollugo_verticillata-mature_leaf	1XHLjpbDrb7KeH-ZoWj4ppy62n3Hg8eHC
OGSY-Linum_usitatissimum-stem_region_4	11ZQBawCeGEbSMIISpMt2urBZPVUfYRxh
OGZM-Saccharina_japonica-A	1kWKeQ4hMR3Kva0TIBw8z1v4I44ns5Bsf
OHAE-Polygala_lutea	1jcAjreaNu_bhP5H3GISlWM3gvjy96GKD
OHKC-Alternanthera_caracasana-2_samples_combined	1uwFRYnyxU-jrecXY8fWbj1Vw4eumTQ0_
OINM-Hydrocotyle_umbellata	1XB1Xs5ZZi4hDCAQiyMyIo69851u5lFlQ
OJCW-Maesa_lanceolata-Kew	1xKuSooYBtCbq0dlZxsnmAOylqlqhpxcb
OKEF-Hibbertia_grossulariifolia	1edmIsjbkQuOo4f6QuOPm4M2hvE3xWaEB
OLES-Schiedea_membranacea	1TaUQyFvHj7ktbJj3QZy63ZJBo2nMCX4O
OLXF-Hibiscus_cannabinus	1FifOatx1DcLHGOxCk8-ipIISeutIp1rp
OMDH-Loropetalum_chinense-Kew	1Wecqht2s6aQ16GmleyYSZrn3KAtXWW85
OMXG-Eleusine_coracana-root_unstressed	1jHOPSwYTLNcFT064CWtzcjx9HBC7hVFw
OMYK-Trianthema_portulacastrum-2_samples_combined	1UfzmYN0ilVKSSC7w0V5y11PyXBIGaFNG
ONBE-Eriospermum_lancifolia	1vhfQ_1rkHZbTl_ACDJG_zKe1BuLpOveq
ONLQ-Atriplex_hortensis-2_samples_combined	1dB8HkFOysZWG8Ai5d6BAQNDzJ3YmccyI
ONZG-Oenothera_laciniata-MTJ_99	1uMQD4LDLGPgryZUTz8HlaHytdX4PWgPg
OODC-Linum_bienne	1A7FoPDQvxvxYxBIKkZqlHO779sQArDor
OOSO-Helonias_bullata	1Tyg597tLxpg8j-PMw31MoD8rs-vZM3as
OOVX-Boykinia_jamesii	1xRNgdrVoNxqAgiVvK0fOmYTO1tc-C9FV
OPDF-Saururus_cernuus	1e4IWYdE6HINZLPeuwZiMiobjFWxyPbbO
OPZX-Sesuvium_verrucosum-mature_leaf	1VNpA4e6F62o9wMmNzRXOJpq6nqD1AUf1
OQBM-Ipomoea_indica	1NagDjkGTX2_g4gguffifLd4hqh1REGh5
OQHZ-Quillaja_saponaria	1h8vA5A0i2-0M_uL81qwJA4ReLE-_2nrX
OQON-Entocladia_endozoica	1OjcJGv44x7rNe_ZcezqiJ1Q7r9i1IZiu
OQWW-Davallia_fejeensis	1rZm3rI-V5nXeQQL81yM0zq01xi-MFH8S
ORJE-Phymatosorus_grossus	1_KwqV05LBw2VuBVkqMlQ7axWweieNC2g
ORKS-Philonotis_fontana	1dYFYk9ZZyLge3WwATOqsCfI5QlMFQbJK
OSHQ-Sarcandra_glabra	1e5uLz54ZA_WQmGy5ZHk7_uXXHItEHvZn
OSIP-Garcinia_livingstonei	1r9PWWaG_7Mqjc8FxlShAUkubzbY1SgGZ
OSMU-Lycium_sp.	1Kqyz-9_yN4DcMjB-5CfSVQJuvsjOziJI
OTAN-Deutzia_scabra	1_6pmKYwCHYV7H5esYwj3Ug5FfsKftqHt
OTQG-Ankistrodesmus_sp.	1StWI3ljP0LZp86VajAgZ41xkd-R27Z95
OUER-Heliotropium_convolvulaceum	1xjJwP6oqUQ8KJGyQ1cdotHSXl4HVv0f7
OUOI-Cunninghamia_lanceolata-young_shoot	1uWWWli1vOElsnhs-sWbGiNIOXK7PeTqg
OVHR-Chlamydomonas_bilatus-B	1DsyH2wd9yMvJxnfIlQVQ1wpmvi5MMrfp
OVIJ-Papuacedrus_papuana	1RjnNO2t1amZNXeXySbCLu_LI0xuFSoCd
OVRB-Colchicum_autumnale-leaves_fine_roots	1G7VpLaWuIsNHdC_fu0GkznhdD_dXgtEO
OWAS-Rehmannia_glutinosa	1dbU8cV6qSqwiYQrdWzXJf_eTYnZhWYlD
OWFC-Halocarpus_bidwillii	1QPZmoLqzwa6u6qc7DfVZauIbIdy3pCoG
OXGJ-Glyptostrobus_pensilis	1L9eN4_X6mS5a3a5t7YDjyEI-zcj3VCAG
OXYP-Sideroxylon_reclinatum	1LC0Pc8Sula9luFMSVIu9bPrp3r12nFCT
OYLU-Curcuma_longa-B	1X26Zz1q7ky5U9I1NJ7c8aRvrkAxLPqfv
OYST-Alternanthera_sessilis-juvenile_leaf	1PW_bFFqTKSN4mPcm8nfDJ-UPCXB36O00
OZJZ-Linum_usitatissimum-stem_region_3	1ImINPYb6vKSjdceFFYhIuhpMHZPu0DbT
PAWA-Aristolochia_elegans	1AO5bqlqQFYtN7x6sV7PKCTwIPYi383aC
PAZJ-Ricinus_communis	196eDlqcjb8ZXBc71PoswZvjk3F6Gv-n3
PBUU-Lygodium_japonicum	1_ydx48tAzWRFvHb2rrga6JVkuGiKKqfW
PCGJ-Anisacanthus_quadrifidus	1KvKD1QiOfPz_Ns2vlf_UrgGotel9KbcW
PCNH-Psychotria_marginata	1M2wf_RFAZuTBKAKH_MNIaFm2lgQ5Y-Ee
PDIE-Cannabis_sativa-xylem	1I7WH1XHZR9HSXjp__C3YTb_Sr4Fe3-Wm
PDQH-Aerva_lanata-2_samples_combined	1-O2rAlU0XA2bQBhBxG-LKtAaOc9zYzmz
PDXY-Atriplex_rosea-mature_leaf	1hbkgH2lWhXTWLprz-EJ2Z7cyVWXhSBK5
PEZP-Glycyrrhiza_glabra	1qKJC4mXR5jwFrXFi_opv8fcotD19KrqS
PFSA-Glycine_soja-BB_root+NaHCO3	1EfqmLGdejDhhl6rqUWIQ-fCDX0WEflmH
PFUD-Geminella_sp.	1VYl7X5DiOUoZHn7jvVx8WSGlBb77TYQ9
PGFZ-Dawsonia_superba_sporophyte	1NodKQKgmrQoxUfKydD9SSMBhFt8pablX
PGKL-Phellodendron_amurense	1BHBa8_v6z02FfLvcI3FoiRrEL5P4DmhK
PHCE-Prunella_vulgaris	1gsB-C4mvaZI8oIzFsSmb1BVH9-_lNscI
PHOQ-Orobanche_fasciculata-stem	1mfLyfWWYRd26jOjvjK3hhKybPOhFLdyd
PIUF-Pellia_cf._epiphylla	1km6uXKSwkVvFJrbhy3d5wBTvL9raktkG
PIVW-Ceratopteris_thalictroides	1tm-EAHHbelEUjNgwfdi7Jcsw5mJGNzl6
PIYM-Galax_urceolata-2_samples_combined	1EHjMJwAU1BLtUzjWUqzVxfh1bpTfs1uy
PJSX-Acacia_pycnantha-2_samples_combined	1mCV-Dyqr48_fHGcwIkSJ6cUp01JbVLko
PKMO-Cistus_inflatus	1wNj1CVjYqYA4qWSYPzZMIkjVIWPoh370
PKOX-Isoetes_tegetiformans	1Iy5EZWwQcWc8afQ-JLgehcUTBg_NxNlt
PLBZ-Chlorogalum_pomeridianum	14oRUqvYmfKu-eOW-voAGHL3tQpLFzeeb
PLYX-Falcatifolium_taxoides-2_samples_combined	1VSnPvF7_du-1_SN3I9cu3KuYC78duAfi
PMRP-Cannabis_sativa-stem	1UQpsWCOsV9EnQCG45hDN4QYiS0vNRa0c
PMTB-Oenothera_gaura-5_samples_combined	1rH_adHVyyO06oDJ6_b8pLowRe1QZZguV
PNZO-Culcita_macrocarpa	1PDqajCLyrL6Ip-wAeF7tz7MGMOZX_7dW
POIR-Volvox_aureus-2_samples_combined	10oBTFZIbRmgnQiws7y0FWG59jF5UoyV-
POOW-Glaucocystis_cf._nostochinearum	1aaFp3lmMDUNiOXOG2ic-pgXSqDZyngab
POPJ-Pteris_vittata	1dvKTUl-j7Yept9LHnqAiUio3TnxGhG9e
POZS-Linum_usitatissimum-3_samples_combined	1dBYw5Rs3RluLivXLYe3lf0d5jAEnVS5M
PPPZ-Rhododendron_scopulorum	1uS0QUJqUfhSYl9JEINWjWHKxlIJGhkEj
PPQR-Typha_angustifolia	15cGQpOCy9_cvPGmGL5BY4fyTOGiBdrbP
PQED-Gloeochaete_wittrockiana	1PG5MUZB99jk1TqMxTgSCqAXIIpxOBk5-
PQTO-Lycopodium_deuterodensum	1ymO7hF9BEErtq-D-XWaULtk8SA-GmIuM
PRFO-Agapanthus_africanus	1_g6tcbi7zPgu2Mn35evQGtDuJy4SWN6p
PRIQ-Pleurastrum_insigne	1l2JhDtKtxnpreyKujlFxJit2IdihIhaM
PSHB-Lantana_camara	1EjVsxNq-_nkKE9KYkWNrbsRD5TuPu_jo
PSJT-Uvaria_microcarpa	1e3mZkZdt7LluDwAWa-x3D_nNM1AKbu2y
PSKY-Asplenium_nidus	1oUm0iD8D11EI2VlmF5v9B08qK26ACHPJ
PTBJ-Plantago_virginica	1WQ5Mr7uP626ZQuDuxC8M4YsqtOQmuPO3
PTFA-Jacquinia_sp.	1ISgfWGtZbzjcEqC2wZZT_JIiLn4NW1RW
PTLU-Staphylea_trifolia	1RYCYabYBjXnG8BfuBP21-rjnAmYR_IVt
PUAN-Chlorochytridion_tuberculatum	1rNrWgsedigV4H4gkpj5xogplMw2iZ5wB
PUCW-Agastache_rugosa	1lwe3FL3XoQtrtroLjDYW0rna1s-8OrV5
PUDI-Daphne_giraldii	14A7AZq_su95Ge5ud1807z2bIUMSXy7c1
PVGM-Oncotheca_balansae	1VbtMNmoXGrHG_J2ueEAdm3WkS-qlq_WD
PVGP-Porphyridium_purpureum	1fCdkC-3m5rNguz2EAgVXVLdXVcKWNFFJ
PWKQ-Gracilaria_sp.	1neYfG3dve6Zde2rBMBzViQHLBMZJAztw
PWSG-Cyperus_papyrus	16fNaIbjOhN7OGWBSwbr_nYiXs_Mcss3M
PXYR-Euphorbia_pekinensis	1wgUFryyIDdCWKMaqL9TB644Ey6jlqs85
PYDB-Grateloupia_catenata	18pt0fzU3ifGCJzzlboetjXPLj_PquYEe
PYHZ-Isoetes_sp.	1_J1Cs3xBfhjC5mFZc961S00hqs-awUW-
PZAP-Eleusine_coracana-flower	1WgWc7thTOktPLkBb1o-QKH0dd-G7dJUk
PZBH-Oltmannsiellopsis_viridis-A	1H2a8IqvuH_9V__2qhq7IrG6wvUQQ7py-
PZIF-Tetradesmus_dimorphus	1O6vDQ7TgvxJBAxaj_y1aK6UIlSvcyZkw
PZRT-Nymphaea_sp.	1C6woSgneS3wXI4rKSkY4LBicPaiSjSA-
QACK-Helwingia_japonica	1ZST6Gohz3mSRlp-ZbJ2BHcTpd5RWpAML
QAIR-Opuntia_polyacantha	18DxZUih4zyqigc5b-XUdAmUDOTMVQ0ao
QASA-Mollugo_verticillata-juvenile_leaf	1JIxNi6wJ_aQnFhGt0ibkoyrzH42Bp8TM
QAUE-Actinidia_chinensis	1HqXhdTTqooWFYR3DB4g5mXVaHrcO5khx
QBGG-Flaveria_bidentis-mature_leaf	1A8YM_pTriZyZ8V4sTRq5ofh9ZcTqAUWm
QBRF-Oenothera_laciniata-MTJ_100	1IHpHxrtjOQ-LpGcbzqjfGqmDVdt7Ujci
QCGM-Saxegothaea_conspicua	1pQKCYDxUjAqmFd6yJnKU5X96jXxo_jKq
QCOU-Papaver_setigerum-5_samples_combined	1kDP4L3ZgB9OPjrYpCDGcIG_I-fzoW8DN
QDTV-Saccharina_japonica-B	1hpmQSEPJDpgO6pQwatA89-onYjQn8GPG
QDVW-Saruma_henryi	1R2N_zoO0W1-6PJ1UtSl6Y6HVvhfW9soP
QEBC-Punica_granatum-young_leaves_B	1vP0BAszjZ7Py-uvUbTUMv0ww5uVDuMLz
QEHE-Rauvolfia_tetraphylla	1gY22UTg3ScVzQCrbt8837giXj_zmAxmd
QFAE-Sequoiadendron_giganteum_Glaucum	1DBv7-QQ-2vrc3hWKOd2BO-fxPWfMyOQ6
QFND-Cyanophora_paradoxa-CCAC_0074	1Iga_N_U2kzwI9EOCm2zXBCJMDPAyDp2T
QGLJ-Cocos_nucifera	1EtqM5NRJE6G3OFNFB57VWnwwv18spuaF
QGQH-Pediastrum_duplex-2_samples_combined	1u2CSJlqW4CG0MWTmNPbHvMChGMrSybuh
QHBI-Falcatifolium_taxoides-A	16uaEzFVufnD2krPxHuGI8PAG4NdumV71
QHVS-Ophioglossum_petiolatum-B	1g46lI7t86bMsYKZQvlnD2s8VP9KCpYrn
QIAD-Hymenophyllum_bivalve	1ZwUi81z4Y377EFOopz6kbF0CvygfOM-S
QICX-Ailanthus_altissima	1KVLpsCITpWM4c8MN8JNmOks0psTtG7f1
QIEH-Cotoneaster_transcaucasicus	1B8ZR3zJUPmdqRq8Vd79GUrtV8HFY-cv8
QIKZ-Griselinia_racemosa	1giwaD6oJ5ZBQq3sltofyTuEGEXXlgZ-L
QJXB-Wikstroemia_indica	15Gl3l-M961ZZcTzJ4V7tU_8_6XC3VJLk
QJYX-Oltmannsiellopsis_viridis-B	10OMb5l8XDDg1ZAyMHCabS3zZ3UvQoii_
QKEI-Kigelia_africana-B	1MalWyiptnpvgint8U8-WndH74DDFFIcx
QKMG-Phoradendron_serotinum	1wqtY0U9ounccXZg-rdQddkakGciZQBg9
QKQO-Pseudotaxiphyllum_elegans	1Z6ZiARJPk2VAjjituI-Xv52HzVrMjWrl
QLMZ-Colpomenia_sinuosa	11a6p_Bbu9pM2bTxzFnQHcZ3AVBCtms1t
QMUN-Portulaca_amilis-mature_leaf	1sVkAUX9hZQ3RSHo4Xf3ZM_-94E5c56ST
QMWB-Anomodon_attenuatus	1CmSX8Qk-zkQgLoLOnWo_TSP8aupUGCkU
QNGJ-Cupressus_dupreziana	1UwmV5HJXouWwjoQFMM_nt-93w7hS8SF7
QNIK-Trianthema_portulacastrum-mature_leaf	1513IXTkPqvqYokcOjelrpVhbxizdYueM
QNOC-Sanguisorba_minor	1qWQDeiozI4__DcREfG1LybP_TvFo05KJ
QNPH-Colchicum_autumnale-3_samples_combined	1n1Ry8lWqQN4i4Jpq6MDvWGoqgjqa4Jkd
QOXT-Xerophyta_villosa	1MjJ1R2nx7pKCY_YAyU1DbPEbpi8JGYsZ
QPDY-Coleochaete_irregularis	1xsZAUkmUM91UvT2lRDNcoQsmglj6HcFs
QRNU-Sambucus_canadensis-B	1GDnONk4YrNEPwS-ZmIQ0xi3vJzjdpM60
QRTH-Chloromonas_perforata	12iKUm0lBktS8I2HQDH7dW5WmKTcIIJ1G
QSKP-Polanisia_trachysperma	1G3qwJQ-W4uBpE2DBzU_viXGrMFL0nvDN
QSLH-Ipomoea_hederacea	1J4A5O1o52ZwcexQM1u-7ZMmqQe-WD084
QSNJ-Taiwania_cryptomerioides	1dmXlHOeHIA57aqAEo9jRfNE8WsBh0MSA
QTJY-Euptelea_pleiosperma	1ZY8yIWZydKt2vQ-PhOP_1mHVyatqwzLz
QURC-Dichroa_febrifuga	1390cGjQOY3mcl7H8j1HJa9uJiivAQOOv
QUTB-Aextoxicon_punctatum	1hTXShQ2HhMrz9MYqKgb4DByaPAc2f0ot
QVMR-Psilotum_nudum	1MtrJSFIqgwwBlMLdqx6uz4sKF2Uwp_Ad
QWFV-Bambusina_borreri	1UoH45mOtPqCFShO4fL0VQya1WmJWwRaM
QWRA-Vitreochlamys_sp.	1SLwzwMPTaG7s5z7kzMnh461Abkv85-LJ
QXSZ-Mantoniella_squamata	18cHULiWbruWkTXXJg64j1_NwMlxRUT6X
QXWF-Flaveria_kochiana	1hSY0C02RF_H91Hp916OziYPYRhB4cPIs
QYXY-Botryococcus_terribilis	19l1yF1NAV-NNpP8F518NkxeDGgak8kat
QZBA-Papaver_rhoeas-root	1PWRylqtRTMq20bi-U2pbAjPTfKQeYTs2
QZXQ-Gymnocladus_dioicus	1LylSfIbxm1oWyUU5_EVGDIJjgcP-3Ocj
QZZU-Pyrenacantha_malvifolia	1l7fWMGQ0-FfxUOAQVWdyTRsQqsFY6emx
RAPY-Saccharina_sculpera	1H4GjXzVw_7W4E2qnqLW1EiWrkObVFIWJ
RAWF-Uronema_belkae	1gZD54LzArx0qrEbo3SRrRYEWva2EIl8Y
RBYC-Elaeagnus_pungens	18ArxinbWAb70XrP7pcwo9ML37uf3xyLL
RCAH-Uniola_paniculata-A	1EespQ1xsjkLTPJlBYK3Q0qs2iS7np4x4
RCBT-Sphagnum_palustre	1EI2pUHxyUcI1Q8qwU9Bqf6qwSnhRn6Wh
RCUX-Maianthemum_sp.	1ZermwBf5cnxTDqANzUNTuRZDs8SGyB_8
RDOO-Racomitrium_varium	1j93Yhy1-5VdAtbsVVJtjW3bo1p0xxDVG
RDYY-Cyanastrum_cordifolium	1i8Fc14OD8NMZMv3LMPLoZoYRIWaR-oR7
REOF-Hakea_prostrata-roots	1jgmO8zAvA35YHEjpy2qo3a-Vku2UrhBJ
REZJ-Oenothera_grandiflora-MTJ_666	17lXn7lGE3BJ6K7G-EB2fn2YQaqXCX3ku
RFAD-Pavlova_lutheri-CCAC_0028	1zHjS1IGNXJQ-XYpMxQHJdy4F-6gGxajb
RFMZ-Osmundastrum_cinnamomeum-B	13HO1cglCPSxgT1i24Qvv7npVAcoHRYka
RFRB-Didymochlaena_truncatula	1ef3N4mnVsLkIvbYfot74O2HH1l5DcRiN
RFSD-Lactuca_graminifolia-2_samples_combined	1uAODAERI-0_1YMQWAd0inZUvoeu2nYNm
RGKI-Leucobryum_glaucum	12cbhX0kBfARqy-EYUV4F4XxVOih-7pdH
RGMN-Heliotropium_calcicola-mature_leaf	10Dc2Ta-qws_8xqV8XQbXTTcKqOE7j0kC
RHAU-Euphorbia_mesembryanthemifolia-2_samples_combined	1PrwWQmJNlrJ6oyJuXeyvNTvTcDABsdNO
RHVC-Dunaliella_salina-SAG_42.88	1URgvE0t4Py_OuKmd_cUOa8xlDGxxgHqr
RICC-Cystopteris_reevesiana	1tgBs3e3MxQ1K2fqC9ax82hRDcr8wsZ0c
RIDD-Glycine_soja-AB_root+NaHCO3	1gdGNb_AYnAd4RwstRTVWn1OH3eJqZ5Ya
RJIM-Melia_azedarach-2_samples_combined	1XKhbxtLO8u_gh2HnZwWGhP-eVWL5rGVL
RJNQ-Lagerstroemia_indica	1Cn1jswY2sx77woK6kNELdLfhO-pxRYFG
RKFX-Cercis_canadensis	1lO1mJ6HCz9aN-PV3h8I1GAVoaPvikUi7
RKGT-Eschscholzia_californica-root	1qmu9jh_L4unkeylVYZLnMg-s5KPrEJ3i
RKLL-Copaifera_officinalis	1znjELuy3_hY3as6u6KpIOtO4z6vHoKtR
RLCS-Flaveria_trinervia-juvenile_leaf	19JZxFXmyGEvlrV1QdbwTQjbLE7aGrdt1
RLZU-Oenothera_speciosa-MTJ_112	1WarNB2CsKwrPrCxsyQv36gdsI3AbN2Su
RMMV-Callitris_macleayana	16pzyeyEfzpArmhsNbIyC3AOg51aIRdTv
RMVB-Avena_fatua	1DxRbVucJ2qbEpt9bIDxIjF3eSQia4ZU4
RMWJ-Wisteria_floribunda	17xbpHIeMohcpotuXW8L5qRUEBqwCDA8v
RNAT-Eudorina_elegans	1LGmHxCRZiD6x-9n9fMnZZNWehI_qmlTz
RNBN-Mollugo_cerviana	1Hh7g5NWNYo4I484iPs6_g5hesBDIJEBa
ROAP-Illicium_parviflorum	1yv7XLYjauMi5Ez2jVTW3d-E53Z5s6yvD
ROEI-Cymbopogon_nardus	1wtNsqw4I02zB_nmYfqF4wx5QaJESKPKV
ROLB-Oenothera_elata-multiple_tissue_pool	14F3FBribpAM3-0nn_vZdTt0L4XuVwiNL
ROWR-Falcatifolium_taxoides-B	1pxK1kuOt9My7R2nbmC8hZIFkbLbyKXZo
ROZZ-Chroomonas_sp.	1IJTAF_6KaC7wJwZFbkQhnWjDl62RcH1K
RPGL-Cylindrocystis_brebissonii-M2853	1Wgk5XwCEk1rS9zv1eUzpSGPgpsdpFe30
RPPC-Erythroxylum_coca	1DOp1f7JspdS5ADrq_zKAQc1nBePBAFAg
RPQV-Phymatodocis_nordstedtiana	1C1jqGFSjQYQt2NIKJSU9ZiBMJHc1Mkf1
RPRU-Staurodesmus_omearii	1uxOxr9lx308FmW3Psr3kZWCwwDswEJUo
RQFE-Cosmocladium_cf._constrictum	14ejARyBaZt6cHEz2DCrXutj69EyDmixf
RQNK-Papaver_somniferum-5_samples_combined	16g0kF4_APtOyulfi3MQ_XEM1HTMygjfp
RQUG-Hakea_prostrata-2_samples_combined	1doUtMI7cNB16gdvqObe1Km4kLiA8f5Fn
RQZP-Nolina_bigelovii	1zvZv0bWJsS5AtGxk8u-r-fa95mJ6LmXo
RRID-Papaver_bracteatum-leaf	1VX2yMtTmA2jX6E-CORk5Gt_nokwuf0u-
RRSV-Pedinomonas_minor	1dPZrq-ad7hR5kK9UVmN-N-X7XkLk29cW
RSCE-Wollemia_nobilis	1GD2R7ihG_m_fNTCehUb4Yh8GyMNj0DLJ
RSOF-Glaucosphaera_vacuolata	1IRqFtAkqytVXH-fRRJcy8fefYDBOZH7O
RSPO-Santalum_acuminatum	1fBHMuLFL-9ctEUjg6TlzhniK2WD0LCI4
RTLC-Rhodella_violacea	16c3gwvvNYCukTHIi-VFPxm9zpUQ_qM0s
RTMU-Calypogeia_fissa	1Ntew294jthmncg5KIkju5TdSpolgJ0uh
RTNA-Oxera_pulchella	1LvC7-4s7mYNj4VOAMTX_hIVgGNs-LdSW
RTTY-Salvadora_sp.	1_NQBfveqcpZINuTulE8pVjZlggC9G5_D
RUIF-Carteria_obtusa	18KvjTucot7nNwtrUzKJg3aQ2P59BNCx9
RUUB-Physena_madagascariensis	1jAhf7vn2nt_Ux2iAQ2CBJmIldWMON0n8
RVGH-Drypetes_deplanchei	1Bri553rh16jZJM4U-ozwXShsa0V4bVpj
RWKR-Saintpaulia_ionantha	1Krsx8aC3kOWGM0LtMfQA__1N8LOFIIyZ
RWXW-Sargassum_horneri	1d2xpHrpQXIC5uVYSnVj3O9t9lPruMHyH
RWYZ-Athyrium_spp.-2_samples_combined	1Jk13P2zDKofVOqw62pUxTlMrwfbWQ_kF
RXEN-Polycarpaea_repens	1j_Znhadg_KdGd0b_pQvKEzyjOxS2N6Bp
RXRQ-Phaeoceros_carolinianus-sporophyte	1LB_iK6Zu4pMsiIp8EDRHZtp_EwvGTshe
RYJX-Pandorina_morum	1Xicnb9w_ez1-sFjH2evcN4uCKYhFRJck
RZSW-Flaveria_pringlei-mature_leaf	1JHFl-yb9mu3O3Jz_ZR5CW0lmHQIHvWf2
RZTJ-Salix_fargesii	1yZFpBK_75mb3gKTd7FrZeexFXhlAZhB9
SALZ-Pittosporum_resiniferum	1sTijFUf_SQqHzKphKjWdCgyArEkuWU-w
SART-Xeronema_callistemon	1W57_WKZgixI5Lp78EcbVpITQ19ioivWf
SBLT-Gloiopeltis_furcata	1I6aBvv0tjbhGUp7tXlR83TfCMt9Zqy7Q
SBZH-Pennantia_corymbosa	1Rme5R9bg_ngzBS1tOBA3uCTpRL6Y-J56
SCAO-Mollugo_nudicaulis-2_samples_combined	1oRj2RBagoXal3d-fJ0y58LwuDzMsbqNi
SCEB-Podocarpus_coriaceus	16WCDhTQbz5WijvFNovaPK4WjYJXPlVfx
SDPC-Oedogonium_foveolatum	1P-V6GmlGWlzNCPbd2JyyYrscUtsLy109
SDXI-Ipomoea_purpurea-leaf	1zTseL5l5Y2dgNSqksXsY4My9F0IurBPh
SEMK-Oenothera_grandis-MTJ_206	12xE0V1o-t1DI7G8mT7QtH1k4YOTbnxkJ
SENY-Illicium_parviflorum_B	1KXVAonI7DgesgIO-BZKRndTHCJd0jaed
SERM-Sarcodes_sanguinea	1hz_HAQ7kSXvw0oR-pcjn2obOmaAMMY5h
SFCT-Colchicum_autumnale-bulb	1H4bcozQalMiEwXdYjcCEGOSDBi2DdxMc
SFKQ-Hilleria_latifolia	1SiFfafrSvzkIQ5E7C2mjeoWNMZr_iYxw
SFZX-Cannabis_sativa-stem_peel	1IpU_8gB_ricwd_fcvWQaTZYaiUXZHzLb
SGTW-Ginkgo_biloba	1Pgu5o616nKhR1TJwG68UKabFDaoqUken
SHEZ-Dianthus_caryophyllus	1ZsPQ8DyOVyqsYFv7UH4eRiaHrfBvgKK6
SIBR-Celsia_arcturus	1ArvbXnYEocI8bz8Y90dvHRpJx0Wjda16
SIIK-Hakea_drupacea	1b-le5J4VxFJEFs7K5BYdyGe9tJvXAQBN
SILJ-Talbotia_elegans	15o5nXvpRSfCrVnpNapJ7EqYEefD5p-j6
SIZE-Passiflora_caerulea	1jMgmgw3uPjPm1v0C-Gy7KpKxt6dYfSNz
SJAN-Oenothera_serrulata	1ynoCb8PUs20OndaTXk0ER1sSUcnKZylP
SJEV-Canella_winterana-2_samples_combined	1qvsbTIDawrSGeuUf2bmcGWQheUBBrChi
SKNL-Saponaria_officinalis	1aFx64MuQC3d12VpoRrzX5mpdoMJ_zdEE
SKQD-Takakia_lepidozioides	1v6DzN7HGKA5WbnFfhD_AGYllL6a99d-T
SKYV-Vittaria_lineata	1l5xKAOskEmj50UsEgKmQSBlIfja0ZIHq
SLOI-Tiarella_polyphylla	1vVwrR0ev4b7Na6o4pwEKYVCxF-5vfRu-
SLYR-Cladrastis_lutea	1gEDczWoKX1glHOp8mrzpKhc4fxN9T-1L
SMMC-Chenopodium_quinoa	1XrfnRd3vQMKVpY9vemVpssQAFdm4exAH
SMUR-Lennoa_madreporoides	1s1DOKFS2BTFmNRshMTT-S5GmFbz2eavY
SMZF-Argemone_mexicana-root	1MbEskp4rgTbP07y81qOOeGnOAo_pkWlh
SNBI-Sambucus_canadensis-A	14ufDhG7MwIR3rHgNWc9Qqj0WLig90c2l
SNNC-Leonurus_japonicus	1HQpdC-_tjIrv22vYW3KDLdUIh_PIgEea
SNOX-Planotaenium_ohtanii	1103aCHj7Xgr_MXKBoQh2DsrTh7O6PDw5
SOHV-Panicum_miliaceum	1RfT4sHMmB36GDJru0EuB4ANHdF5XS6VE
SQCF-Dryas_octopetala	1UwJRuThLDEIEIkM8Lq2JONtIseha_Sau
SRGS-Chlamydomonas_bilatus-2_samples_combined	17Z8n2hQYjXOdrNdnlTLMNDTFG0K6wgbF
SRSQ-Saccharina_japonica-2_samples_combined	1tOBlatD0aiRdxAe7M5SvBTWMYpveYSwv
SSDU-Papaver_bracteatum-3_samples_combined	1uE1DNx9ZhVmHhq0Rwupeq_KLH5wHoj3y
STDO-Papaver_setigerum-flower_bud	1QBqi6NsCr-0uKerDSMSERdothsntdOpA
STKJ-Cosmarium_ochthodes-M1384	1tdPKLqOAs35ccy2M7tB6g8AvgmnYuJoT
STKY-Balanophora_fungosa	1M6gNZ5mZPzsWRDXvd1RIEpIXUDCrBXww
SUAK-Codariocalyx_motorius	1awtZIl8gEztaxj0zrb6ittqloZhspVi8
SUFP-Papaver_somniferum-stem	18CCxX1pE5BWE4YZ7Q-_3YMda5RmtFrhP
SUVN-Hedera_helix-2_samples_combined	1AM7viSWonJLvxYyhPx6Az61miNtznkK1
SVQC-Kigelia_africana-A	1TS02X3dnpKeFdhCdcEWlqh7t2nWvI7iT
SVTS-Drimia_altissima	1Nc-84XCuMA4OLci3rf01ZsjG80It1oRA
SVVG-Fagus_sylvatica	1j-jJdwAX5ZqM3CLL7V54mbP5YS7pnhbg
SWGX-Tetrazygia_bicolor	1J0AJU3xFmA3o9t2RmZ3KSkw771DPklEK
SWOH-Trochodendron_aralioides	1IgjDOCiOYZq8nItQ70XhU-Jz-u_kjb8Y
SWPE-Reseda_odorata	1o0q897vRMk8uAxG0IHSGhmHS9GNPm3NJ
SXCE-Physocarpus_opulifolius	1QVv_t3ZZJ0G5O1HHax4TE9zaAf6js-ak
SXML-Ilex_paraguariensis	1vIZ3yzbJgPpbkNv7b9_1bw06gyhqsZDo
SYHW-Ribes_aff._giraldii	1a2e0MtCwnZ0bPso-qqkJokJSYlM_BbXF
SYJM-Dunaliella_salina	1Qk7_Jg_AQ_X3OWK4rzOwo4GpZuH9WNmP
SZPD-Tetrastigma_voinierianum	1NdWR7ysiJn7K8EPSKNyiVPaJG4suFSzm
SZUO-Eucommia_ulmoides	1_Vz4OOoT_w_K1RXKYH_SZDHtLr0g7PmJ
SZYG-Polytrichum_commune	1I4YLZ7sJYBuvwP5Iob9h2ErFuuLT_f_r
TAGM-Melissa_officinalis	1G1ieJaxUe1VpFZM9mrgzj3NOHmOyld9P
TAHF-Oenothera_grandis-MTJ_134	1-N2kYP3V801GF_K_zggLLRDmHFw1bizS
TAVP-Calliergon_cordifolium	10ZqDHifZJBN-sEgb-BstqL4wlTUh-EuT
TCBC-Nothoceros_vincentianus	13pn0rOhxru0JT7SJEHCi5dX7hg-2zGtr
TCYS-Peliosanthes_minor	13KZj7TuSvGvTbTz45jF2OkLFbquWAXW1
TDTF-Salix_sachalinensis	1bAMpf4vJwNIPQRJZqmicD1AHBFIN1gjS
TEZA-Solidago_canadensis	1CWJzegkg3E8Y0K1iU4uPfLs_rpXXC7cL
TFDQ-Monoclea_gottschei	1r6F2ybWnw2m_KNYCt7CUef14D2KII7bM
TFYI-Marchantia_emarginata	1WfE_4szqxRj1jq70BQMJVbgTfglJSDmS
TGKW-Frullania_sp.	145oOyo-VVFoGmo5gABjNDyCOZE8XaxHV
TGNL-Picocystis_salinarum	1yTbRcj_VXurJZYnUvYq4CkSzMnpipNPi
TGOP-Oenothera_gaura-MTJ_402	18Z8tKZ7t0kfu_NgkA5S6oDwCqhHfBKF1
THDM-Vanilla_planifolia	1xcTWwXwuFbOipsrun_J6jrSkhTb_ic1L
THEW-Lilium_sargentiae	1aYTG85BWylwpVA72O3ykbciSy1eE1THR
THHD-Elaeocarpus_sylvestris	1-bjQjFL2-gV6qJPrZVIATzNnMhmETv-8
TIJL-Eleusine_coracana-leaf_unstressed	1wm1JHjHnAWGHJM2mGHWd1x410tzKto8k
TIUZ-Cunonia_capensis	1dpPhWiObYIXgrbpENSG9JiHqmyGfmC-j
TJES-Spergularia_media	18BRfZsNKGJY7WKWZq6qSVievkEIGU4KX
TJLC-Nothofagus_obliqua	14jSt3WKz-JNSe25uyx9Pbepor2J1Ib-7
TJMB-Glycine_soja-CB_root+NaHCO3	1alBAT5RwkEOBQ1b1n_-dY42CwPFAaSSG
TJQY-Kerria_japonica	1_qW88noCyWC7d99Szc0A43LcCE25Zis1
TKEK-Mansoa_alliacea	1gLObIGVgT0UU6FezpL0lJtj8ta5vCO2w
TLCA-Oenothera_speciosa-5_samples_combined	11DzW7JtWirEFwIvgVvz7m-YMyCQCmBGd
TMAJ-Neckera_douglasii	17aCEEhEKiDFaOHhgUlyboyxaB44o3lwk
TMMR-Portulaca_cryptopetala-juvenile_leaf	1QjRVOHEwNoP9fqtub5N5Jy-Sf9D9b8PJ
TMWO-Papaver_bracteatum-bulb	1JaQ243wGQJDoQED05s3Okykc32i8oCzx
TNAW-Pyramimonas_parkeae	1qDqJjwgANe8Fsbp3prefoyNDOKKu2PBb
TNVE-Trianthema_portulacastrum-juvenile_leaf	1UQcWAGNrAu-gw6Hiax1QJ7Z0agXWABPM
TNWF-Heliconia_sp.-B	10BgcPOS6Q5XRShRG07fH7jQqjzMd-9F-
TOKV-Aphanopetalum_resinosum	1pHorPhxqCPltYl3mFURPJnji18rdovY6
TORX-Olea_europaea	1zMP7w1DoHm5Q0b0TorPM0EJE2Pof_0D8
TOXE-Welwitschia_mirabilis	12tDLf2beC9Po5hBAj6ZL_LswzCr6AR4y
TPEM-Platyspermation_crassifolium	1-fEmL8otHmqMigsHBUkZBK67qUZss5Ay
TPHT-Spirotaenia_sp.	1I0YZdUDNgHvlLlw76o0olOCYAYhVZOAr
TPUT-Antirrhinum_majus-A	1kAZlRb6BlDjbWW-tToktm1mu_p5f6F6W
TQKZ-Angelica_archangelica	11aYAFtVNvQlFp6H-CCUzmk34UDCLai8_
TQOO-Loropetalum_chinense-2_samples_combined	1IKDTDTWHjFB5HeW1RPqcd-obtvYx_A-l
TRLB-Portulaca_oleracea-mature_leaf	1lsBKIDBXkMb1C8C6FYHnh4_wchx6XOqb
TRPJ-Hymenophyllum_cupressiforme	1f_74PSx6Ahy5K7bNIx_rumvH_kv0bpuN
TRRQ-Narcissus_viridiflorus-2_samples_combined	1zxm8QFLIS9Mc5LZh15mP9jFhHnfBvezO
TSBQ-Chlamydomonas_sp.-M2762	1JjJPqtL0qEAlLqB3KfhEzD8cf1HNNFW5
TTRG-Lupinus_angustifolius	1wBVRdCsrCwkVCP6RrZldUt9_NJaFlhrH
TUHA-Eschscholzia_californica-flower_bud	1wlAK1dL8U-I32dnmj2RluRVyEJt4qikj
TVCU-Ochna_mossambicensis	1yyLO4nmXU7mOzB6_5un7plKz9hFoeNZy
TVSH-Bituminaria_bituminosa	1IevTZOS1dnrG8UGvHinkm4uaIjD3TUvB
TWFZ-Crepidomanes_venosum	1Xefb6QhS_AD2gXds_PhI9yUq-rWykCUj
TWUW-Anthoceros_agrestis-A	1GW6S_msDb1wYFti59wvOLJLCZYHqVAjh
TXMP-Linum_strictum	1M3VzJoU03LgGsg1P247vgUlj4SyTuqRp
TXVB-Lunularia_cruciata	1sJRkShSrqHRpMeTfckW1DruXFpW2HJ75
TZJQ-Prorocentrum_micans	1QMk3Vhd14Qa5-Krg0y8olZ0zowdz_yOd
TZNS-Canna_sp.	1jG10bvlPnp7OjCpD3gTSGtpwBWJLVTLD
TZWR-Arabis_alpina	19s0u27JgW_3mo1YcRGsjmWH6UZwWBbFg
UASK-Oenothera_speciosa-MTJ_113	1YTByrV5fvMVvOCRsz5zz3OKXJ6C91_vB
UAXP-Gyrostemon_ramulosus	15insWT0EvR-_uiNVTJwEWjnS_7wuHrgE
UBLN-Xanthium_strumarium	1g44twX-IVmLKXNjGr3LiCavKryEddVfY
UCNM-Ajuga_reptans	1Ly2yqSH7dY3QqRQOEDpGZR6NFPIutB2c
UCRN-Megaceros_flagellaris	1ZvYxUmmUAmqTFaVAOu-O6Zx_tPUrVFrz
UDHA-Ceratocapnos_vesicaria	1Syw4KYg5OnrgB0TmqcmaLJ03cLJ5nlcf
UDUT-Larrea_tridentata	1EucuXPJx2EpfpDH5T2sISKJ0UIFI7q_G
UEEN-Forestiera_segregata	1QYmPEbr95EnWnJdhB4qj7PmyFIdyG91Y
UEVI-Fokienia_hodginsii	1pzvy2uBtfGASrNfWMhlLo1q6bXh2k4Mg
UFHF-Galax_urceolata-tetraploid	18yas1HAo6iUoeRaTpsuDNlfbM2qXP6tS
UFJN-Diplazium_wichurae	1524rSyHwNMt1-P1DRTUVdZqVR7JK1JCT
UFQC-Apocynum_androsaemifolium-B	1CmpF7OjrRzI8YCTWogYxTCQk8qXExA8O
UGJI-Lycopersicon_cheesmanii	1kOGMwjIyeOjdKQ0U9nm_Sqj4_4l1Y9Cx
UGNK-Marattia_attenuata	1s74k7-1JGTHALAsYwGXy89zBPFcbeoeo
UGPM-Chondrus_crispus	1Z_15dtoNGwvHHB9p8SK1yvSxfvq79Qtc
UHBY-Oresitrophe_rupifraga	1u_h9PPe4U2ByGCVXCmfZBfpRuzS7ZYMi
UHJR-Citrus_x_paradisi	1qGb_qJc02bIlmxgGKuNj75qjvNvZ_IOV
UHLI-Sphagnum_recurvum	1Vwy5KSDnhpoAIJy5tj8z-tFE2AHBioMV
UJGI-Oenothera_rosea-4_samples_combined	1ANOtXB-YvCXvMHeQN7llQGwoDy-0CBn3
UJTT-Pityrogramma_trifoliata	1RjM1R6sEJ9XkwDspmM7eU5yzylECW_b8
UJWU-Pleopeltis_polypodioides	1811F2DRhmW1Zo6g31QsRqak3XLrX1mw8
UKUC-Dunaliella_salina-UTEX_LB_200	126_hmI2wKmAoslGeUqlQbicROxrvf6pX
ULGV-Morinda_citrifolia	1DkFgWJW5-aFBBH-31P-ttqrRii-v5n0H
ULKT-Lycopodiella_appressa	1McFGQsAsntOXoquRafFCT31dyX7bkXrr
ULXR-Scytosiphon_dotyi	1WGf80uk499zHkKG53o23ewgv-HSPz_oj
UMUL-Paulownia_fargesii	1Yr7tpuLUfSyMQiEtV7Y1Cy2us1vL3Rev
UNBZ-Euglena_sp.	1inu74QnRIDRL75lp0ZL4f5gOzpG_8wW6
UNPT-Eschscholzia_californica-leaf	1P06mOPM-jbHqRc6Pk5OiWCpF14vOOBE9
UNSW-Mollugo_nudicaulis-mature_leaf	19DqZPeT4bRyFIrMbRexP4SOxD1lt4wUW
UOEL-Strelitzia_reginae	1L829W4tLQKVpdeKwK3kJrzfjcyHqhUv-
UOMY-Osmunda_sp.	1wcIbKlVwPT9e4AL5aTzhyAbfL8akFq7v
UOYN-Catharanthus_roseus	1SXx8zeQeAYlLLdwpwLirnZfT68uYAEBr
UPMJ-Pseudolycopodiella_caroliniana	1yeFvX3Rd1oAGLxKmUwQb-pMze76XJe-N
UPOG-Anemone_pulsatilla	1dLUB_KpWeEWfLSoHutwYb_CJLbzaU-RO
UPZX-Cleome_viscosa	1OyAKbA2ky4sxmfTRI4c2oewnB7NUadnL
UQAZ-Flaveria_angustifolia-mature_leaf	1UFyEuGsCpogSuT6lEe9w9KF_ybm9jOVd
UQCB-Portulaca_molokiniensis	1ioX2xdGrrhDfyR75icWrPCuabe7RtiXC
URCP-Athyrium_filix-femina	1S3vm3plhY0-sSZgS3ucIl34UbtNjG8Ru
URDJ-Amborella_trichopoda	1yGmyUiim90pJY-ZnR467s1058cUdWxVn
URSB-Grateloupia_turuturu	18HH5yY6ROXs6cmK-V2_H_Az3hxv2NZ60
URZI-Epifagus_virginiana-above_ground_tissues	1b-6PmwAGBNAaWU0r0sb6wJ7llNkPbaCQ
USIX-Neochlorosarcina_sp.	1Yv_ALgGe2lJFl0m8czXnNJH9jV2AbcfV
UTQR-Tabebuia_umbellata	13KEzQ6ExX36faL1wDYaM6rLlFzFY25sh
UTRE-Chloromonas_tughillensis	1FdY-vQVfp8V89FlgogS3Fg4mCiMUxv0K
UUHD-Porella_pinnata	1UOnTQfFJ0fPm85KD6-Rgzo-NxvtMCx2Q
UUJS-Nageia_nagi	1iub6CDXBBL9kYcd8Bp7_V_xyssjdX71f
UVDC-Azadirachta_indica	1EZR9AD2NC6h_jI9ufEjibju80QzKl0G7
UVQL-Draba_magellanica	17_AI9sdhvxx5EgDG9-iMA1RqQxa0pKAP
UWFU-Itea_virginica	11feIj82eaCwe4RaDcvdB1K25Qs3UdQvr
UWOD-Plagiogyria_japonica	14-uvyCO3uEWZQaMxRumqlXI1t0G15F3I
UXCS-Marattia_sp.	1-3QBu04u_ilKbo04QIYRE3-3VavXQAPZ
UYED-Flaveria_sonorensis	1nGaCUY9YKvW5tu8qMG3sru9Q1CbPmCCH
UYFR-Symphyocladia_latiuscula	1nPZUBGfyzHFsEGvAv0A5HYz6qOzFcyq7
UZNH-Curtisia_dentata	1_kPNh2-bs7NgBY-nt4IQMraO52oM04w6
UZWG-Castanea_pumila	1XUygfhLl-j6aDMS9JYSKdkuwqnPZmN9W
UZXL-Disporopsis_pernyi	1vvJHvcEuKdrcrpgqFKlzgKElyT2crD7a
VALZ-Chlamydomonas_noctigama	1OHS_Up8RqyHyJq_dleWj0QEBNQpl3It6
VAZE-Cylindrocystis_sp.	1CcNYTIGYM-yysPyz-B-hmufAW5ryQoUi
VBHQ-Stemona_tuberosa	1TKtiGh0jqmztlSTQdUYUq0qbJ2JpAFt7
VBLH-Cladophora_glomerata	1dol23VKkh8cd09OfYgngT3ZFzd96YKMd
VBMM-Claopodium_rostratum	1t7xhQ1nErsIs02m9tFbLhJeFvqAPckrK
VCCF-Melia_azedarach-B	179iaTyc2UTofy8yNaVrifhJbXOMljIom
VCIN-Malus_baccata_var._jackii	1zcKGSh81MaXB6qCvc51TeTA852862Brt
VDAO-Ephedra_sinica	1nZwtFZIoCJxy0FIVu56ErzmGU42Rj-a6
VDKG-Cleome_gynandra-2_samples_combined	1ByjJyrcZnwiJTBh7wNgmNluWRjl7dHv6
VFFP-Acer_negundo	1j8fGDT_2IKJK8lxQiWP-A72HdTHS_G5B
VFIV-Fritschiella_tuberosa	1aKXn7CMaaAeaAnaeDdc54KVLfsi6mSa1
VFYZ-Thuja_plicata	1ZH02Mwmqi_kWgEKZFDbZYmFjGOvW7maR
VGHH-Hydrastis_canadensis	1EPCxwetWZRp_xm_2gVxAW0Tt3X7efwqY
VGSX-Retrophyllum_minus	1gNESBvDJyyaNK94nosp84ejHjCRKoUam
VGVI-Dendropemon_caribaeus	1cyIflPqUG2tcCGadfhZllsfo-tZRoqD2
VHIJ-Blastophysa_cf._rhizopus	1TNJ8nCiuNsnh-tiRtYZr1ZuuhqV34OT2
VHQW-Treubia_lacunosa_sporophyte	1nEK_CvapLsN-ZDarv9KnOuKI4lsDdda0
VHZV-Gleditsia_sinensis	1DJ5F6Haq3_7_TaQR9BRPejTjshBy6WZ_
VIAU-Carteria_crucifera	1HAE-pve3rgEVXKxVlvkFIR4xgFV7xN-Q
VIBO-Osmunda_javanica	1nfWrtwIMsj3GfpWaY2IIK00asEduPT_D
VITX-Athyrium_spicant	15sQm9rYtSZ_JuEzmsolfpQkRfjIir7r9
VJDZ-Botryosphaerella_sudetica	1xKJ4hub54C9kHN7-xhbrobRFjXw4Ys6q
VJED-Pavlova_lutheri-3_samples_combined	12UyMaeh91SVeJQi4esm4J8DplcAL55er
VJPU-Boerhavia_burbidgeana-2_samples_combined	1tTn50jCT0-L_IhTrTuAY09IZuwbO7_4e
VJSJ-Heliotropium_calcicola-leaves	18o-A342-g64uKdp8FkclQV_Z4kWxpby7
VKGP-Geranium_carolinianum	1SA9qsU3bItgbC0JVvD_TefF64x5PFASj
VKJD-Maesa_lanceolata-2_samples_combined	1YGazuaElYA6YGhyc09kv4AT-0lL_7SEI
VKOE-Aerva_lanata-mature_leaf	1E5pvCtrE2RF3zSC3Fkue-heTtQzdPSw3
VKVG-Synura_sp.	1TL7C_PG2W4SwvWlxn5dIwVdH7jOV1om-
VLNB-Gompholobium_polymorphum	1ZdlbftlwVha8MlrhD3dA5xAi-V-JvvYx
VMNH-Sinapis_alba	1pp45lqJDa-_x9G8df6a30chp3aOVqRaW
VMXJ-Leucobryum_albidum	1a4V-FgRtJQs0HTKqjq_HjBQPFXGAQSad
VNAL-Gracilaria_vermiculophylla	1C_xFowEqV2jjsXM-DJxAEHg5fHlyR76X
VNMY-Bischofia_javanica	1iOtzCkww_TTJLPe7AoR_hC8GSIyZI0Dp
VPCP-Portulaca_cryptopetala-mature_leaf	1lniC0UDWdlHu1EkOBgWURDlEGuk_uCtP
VPDX-Euphorbia_mesembryanthemifolia-mature_leaf	1m4qZ1DhwHTmXY0btSmu5L6sE2BoSyhtG
VQBJ-Coleochaete_scutata	1FfW_SioTsdKMl2f5AAQstY77yzbqtYJS
VQFW-Platanus_occidentalis	1DNhd6F_Fe3K3ye52gYfeq6ToaI9iwIvT
VQYB-Neurachne_lanigera	1Jc_Ku0pzKjL_R4IOvd4dQSbm0uUsXV9R
VRGZ-Petalonia_fascia	1G6-s0nYFys5GCK-sQpkgct-vWg9HomqP
VSRH-Abies_lasiocarpa	1X2m8imv3rlU01paatow8DJpXRrSlsBlj
VTLJ-Caiophora_chuquitensis	1s-BRfZ0C6KW1Ptk4kjC0Cwrn8OAzxD3c
VTOK-Orobanche_fasciculata-flower_buds	1JqPpm_nJGN5Rpt1mPHIIhc4Ki8bSvg0O
VTUS-Goodyera_pubescens	1FZNnj1-8janR9vMfjgclgxnHKRZxCjUC
VUGF-Punica_granatum-developing_seeds_B	1s7SwbW6NpQTjSb2ZXh-DyjfbUCzKgvGV
VUIT-Alternanthera_caracasana_juvenile_leaf	1LoTus-D0-wGB9nJoj6BzNiuJQfCBgbRG
VUSY-Nyssa_ogeche	1p3oc_xQS8nYxGpEV5yp3vOqoyQf2iXf-
VVPY-Croton_tiglium	1BqdmaHI5eiBn_HVqdLLgNGmBZ2RmlafU
VVRN-Lonchitis_hirsuta	1sRij-aezdyZs4x1mmoIwPXQNK-kwgfMp
VVVV-Ludovia_sp.	1LMrnVIaBv-nzLEOXTSqDwcTbs7aCR53w
VWIP-Carya_glabra	1d7OtY4ZQl58bfguBkRgT7ilIW8W2Do7O
VXKB-Ipomoea_purpurea-leaf_stem_flower	1zNXyj7tIZAn_YmIJz4biGRZltgMezSJM
VXOD-Linum_tenuifolium	1rUcgYIUw5mEliWtnX3a658p74-uVKvRp
VYDM-Orobanche_fasciculata-2_samples_combined	16eNeDwgaa_FDJzkS4E4abSdrVu7nwpwj
VYER-Sargassum_hemiphyllum	1nGz8BoVKHCGErkPQEwGVmPLQfoX8E7D3
VYGG-Stachyurus_praecox	1qjub9HX5u04iGuD6KrfdcDOukz2YdlRK
VYLQ-Cassytha_filiformis	1sAYYRUSp9VCs8ghbnity1v6FJbZSZDF5
VZCI-Illicium_floridanum	1T33PHthpEHq7D7ILrqqpzrPYVdzoxmN7
VZWX-Ceramium_kondoi	1HbsQ7ljCx0K70H1C9jk9NwJnbf8fev8y
WAFT-Diphasiastrum_digitatum	1Qj93yrcW47wrKAlOYxCWD8IM4gmsyjGH
WAIL-Laurelia_sempervirens	1lz6q8ILMFtcglsUW_GPUNt4pNpjV2qzm
WAXR-Litchi_chinensis	1DmnzcrnLw2EV0BwX_s2TGssLtGQfY-jf
WBIB-Lepidosperma_gibsonii	14Kt7C-g0Lo-DwJS7RRXWnLBRqqsEMwCi
WBOD-Magnolia_grandiflora	13bF8n03M4zzqtNzKr9v0gPW_RM86CgeG
WBXY-Oenothera_elata-3_samples_combined	1QP-5fHgVhLbN6-jYbrbCAjnZabD7mkXR
WCLG-Adiantum_aleuticum	1S-ew5XbKBJ8jPJJwNRi9L9h4VnU6HMn6
WCLV-Prasiola_crispa	1GDymRslC4VWncUE69CgSI5f1ARNSx0_I
WCOR-Thyridolepis_multiculmis	1Qx81rA2GGciJUNVT6DXf4l_HjswJwrzr
WCQU-Staurodesmus_convergens	1IJ2TueWBOxjHo9U0v55R3-ehOcUQ5YYY
WCZB-Phaeoceros_carolinianus-gametophyte	1QtPawOCH__7nyUZvWg92z_n0spYPbIu0
WDCW-Mesotaenium_endlicherianum	11_hj3ErmEPerbdnh8NSmlgAEGP5R1Ra1
WDGV-Cosmarium_subtumidum	1wjMUsmboXN-xlObQ7oKwkhrI27Vu-Xy6
WDWX-Dunaliella_primolecta	1uBm0ZDj1m91_rqs3H-BAzFQWaIsT-STm
WEAC-Strobilanthes_dyeriana	10ibeoGlouVvV5ezWmyDWFEI6mqTKXBje
WEEQ-Phaeoceros_carolinianus-gametophyte_1575	1SZncIXGAsF-I4EvzQPLBVROUJGwHTCHY
WEJN-Mazzaella_japonica	1szVWnqGtJc1uSOorin0Bi9mfCLADvk6O
WEQK-Centella_asiatica	1O3u_T1Brf7s7WqixumGLLo_HVmLOESVA
WFBF-Podophyllum_peltatum	15kXIMf4k3vf5TdNejs-8pPgwBXE0B6Fy
WGET-Kochia_scoparia	1fAKEh8i7s8hFgvZjYaVQ6gvPAmRxWinV
WGMD-Zygnema_sp.	1MuHXfTFQmptVJwtvbQKciZIfaIFuafGI
WGTU-Leucostegia_immersa	1OMPdLmdEpWZhmJSPQTIQmXUGABlxpfU0
WGUG-Alternanthera_caracasana-mature_leaf	16_GZeaun_NU6eXQ-pT98V2qYEWrACu5m
WHHY-Boerhavia_coccinea-mature_leaf	1qf3gkl39jhJWc8C2Nq2JCwxlpm_JPDG0
WHNV-Micromeria_fruticosa	13cgdmkX7ne-530ya7o8QGrCYlVkI4Qps
WIGA-Persea_borbonia	10pjer22tBZYrGDZqDPzc9rpU99Dk1mYX
WJLO-Ricciocarpos_natans	1HxjPfhZIIUzAfUVZchvOtxnW3StYUK1k
WKCY-Urtica_dioica	1xLEAstmm4NLIqmqL7fALJEPojV4cMX-7
WKSU-Drimys_winteri	17iBAazVl7_g07kxWT6KWGFJ9cg5o5Og9
WLIC-Dioon_edule	1NXaWE4qPpd9bIZv7M7ykXwhhBd_3_utn
WLZP-Cyanophora_paradoxa-2_samples_combined	1kgxIf5CBtLn9v2lmlKZmonKxqPkewIEs
WMLW-Amaranthus_retroflexus	1cPKkiB6BqHfeb7TswS7Rk65tN4jdu4mM
WMUK-Schizolaena_sp.	1ilIF_erKBZ6mrzzJ93eKuS7bHo4Zo-cZ
WNGH-Aulacomnium_heterostichum	1DlusAyj92psn2SsSTmhtVv_WLGZLd8GW
WOBD-Limonium_spectabile	1gD3XmOE9RQjIe-BZddKVPtt18PgBmTNb
WOGB-Andreaea_rupestris	1t7Vj35JwE6C8XER3HJkKvQReMq-aD37Y
WOHL-Schlegelia_parasitica-2_samples_combined	1F4nBSLedYVwuZ9yO_JZukxbWDi_AkrkM
WPHN-Idiospermum_australiense	1K5MGfpfAIHPFBsbkF-ecQ9_kmkOypUMq
WPUV-Oenothera_grandis-MTJ_135	19taEes1ONp5zOlcmdSmXeTz9q_MRn_9r
WPYJ-Frankenia_laevis	16adv_Zlm2kViIh3XkW2nFi4Sh01gD3ZB
WQML-Cryptogramma_acrostichoides	1qrlbbwlZ_v5npXxoMGMFrTT767G7SpUl
WQRD-Galium_boreale	10axdSIIdyD3DMyxaVydyacWgDa5rrGt3
WQUF-Nepenthes_alata	195oySFQTIw31gtujfcbf_uJaXZH7CLPx
WRPP-Synsepalum_dulcificum	1svtvF2xmH0GvYFH7UBjSSydzHkPVJQzE
WRSL-Volvox_aureus-M2242	1mPdeDHsPZ5gS1FCXWHmV5xGZPyv6im-6
WSJO-Mesotaenium_braunii	1klYGDBs3GxV9tdP3EudfQpD8egno4lJz
WSPM-Loeskeobryum_brevirostre	1LrVrxLMpx7bQ2kAJk6MjIYYj-SvRq0cL
WSYE-Conyza_canadensis-glyphosate_suseptible	1BYdL1s57U4d82cBbCNKdW5zBOr0vvrVl
WTDE-Johnsonia_pubescens	1170XeWB2oOyDPpyrH3nOQfQecYiL8Ds-
WTJG-Ophioglossum_petiolatum-A	1MV0ysq_kBLzfoCJVHXyDSKw_bKESVS9k
WTKZ-Nuphar_advena	1va6TtoEZsqlk7gaXtoF8VeAwnLL38LsB
WUZV-Lindenbergia_philippensis-flower	1ElcKBLpRlh8-RcTxU9eLjM7eI2-m_6G-
WVEF-Rhamnus_caroliniana	160KSH_0i2W5nI6DrC6RQDL8Y1C6rvHA7
WVMY-Phlox_drummondii	1EGywgnEvYKqbffJJ2krwc-u4BuVRjPV_
WVWN-Larix_speciosa	1maEmaCj95UcTLU6LOaLFx3_C95Hx12wV
WWKL-Tapiscia_sinensis	1YPXd3Q1xVc5YYM3nLZ_5UtvhOtmrmOAX
WWQZ-Medinilla_magnifica	1KnG9ThVmVnUUbI_GSEgW--0ZxsT_7OO9
WWSS-Taxus_baccata	18DPslWMT-bAIjDiFypVDtwWDuc1yV9Ig
WXNT-Joinvillea_ascendens	1e8MieJPTQ4-DtCBMvwewzOWx56-qFRon
WXRI-Stichococcus_bacillaris	1C_ZvyjtT6AZr5cSV6ZVFvgfYil8I6X9y
WXVX-Rhododendron_groenlandicum	1N1zV3N3BRkRR9-tOL1VmP1dEOuVUpsDk
WYAJ-Cephalotaxus_harringtonia-branch_apex_including_needles	1FXzESJ6VH_eSBh6tbBRkK2HT-XN2ZBGz
WYIG-Dombeya_burgessiae	1bvbpviluDmYm6JTUx5pM7_yppalVYYYk
WZFE-Ascarina_rubricaulis	1J050Q7VKXb_FRHaItQXytKK4hsxrmzp6
WZYK-Bazzania_trilobata	1YGMI5JZSS_Kgf0KCjhM5ljPOgmPf44j_
XAXW-Neosiphonia_japonica	1qh5O8OFKG-b9IE6xNkE6tsFmAT_1KlBI
XAYK-Kigelia_africana-2_samples_combined	1Dkrq6fvh3QlZRr8qZOEh8xGJGa4aPxiu
XBKS-Thyridolepis_mitchelliana	1JpUXttJi8olgAz6t1XjeMhgZTdPcFvof
XDDT-Argyrochosma_nivea	1ik8vZhqtD98wdPZeaTWv840jmByQpeq3
XDLL-Oogamochlamys_gigantea	1Zj-WFdDjVZykmU88DQKM3JgZE8ZsL4hX
XDVM-Sticherus_lobatus	1wQX_nEdEnmXh_1zgzyQuhGod-gdLSj--
XEUV-Narcissus_viridiflorus-leaf	1IqKtCNBrFGHrN9XAi-oh5jVOfV6wTogZ
XFFT-Cercocarpus_ledifolius	1tyjaw_7QcF-i22IDjC4auU9ftQrYbTND
XFJG-Maianthemum_canadense	1W4q5zrdM0KAjRZl1TxgrkTfknm_J_62-
XGFU-Exocarpos_cupressiformis	1Mrsl4M7CoQSW-qS4lD-waVpkcJlE9WUB
XHHU-Heliconia_sp.-2_samples_combined	1mZfE4vMP3LTzarwzRCmJA8WNeY77j7GK
XHKT-Sanguinaria_canadensis	1vTrhxRWJNsW7RBNjPfVx_v5JSv2XOHJI
XIRK-Athrotaxis_cupressoides	16WX4bxsPqoelQUTd2jQ3AHMcsxMJVQfG
XISJ-Antirrhinum_majus-2_samples_combined	1cKKJD-9rxIS2MdEco3jjG4IlznmqVf2B
XIVI-Cymbomonas_sp.	1chwAqQdSse7CRd3TqS2T_DAHwCEdkOy_
XJGM-coccoid-prasinophyte	1LF3MBslB6uWs5wgzTABILk1fly7Fh4Rh
XKPS-Ximenia_americana	1IDo1QPDo7ZtBX2ZKKFuPHefC-ywf1OMX
XKVX-Heliotropium_filiforme-mature_leaf	1lAB1ChRVpr17TFG2UIHkqH4WLJgKfFR5
XKWQ-Pediastrum_duplex-A_CCAC_0012	1oJMENi1C6ALHGom7pZmMqgnycjH4bB4u
XLGK-Podocarpus_rubens	13gdf_bZqoNcBlBAl77TFHiZ2Joz1G-az
XMBA-Poliomintha_bustamanta	10A9KF-5IeTq23UrRJ843REMMPnEoxLan
XMCL-Prasinococcus_capsulatus	13xkD7mSIbkOs-V7k0d_tk5ApOZ1FS8G2
XMGP-Juniperus_scopulorum	1NVdIS9fNb2_eq_CgYhm6VxZJY5VPkWLH
XMOG-Epifagus_virginiana-buds	1F5us906WuvBvPMGpSHQqUzbUGbrhIiH8
XMQO-Gunnera_manicata	1qR-w6uB3doYeTqLiMoPqvQWc7KTpnfNH
XMVD-Chelidonium_majus	1l4iMztEGGD-2ggWmtjyLqNfp4mJinh64
XNLP-Manihot_grahamii	17uz3uK19F1XDDdANb64FHPiaAR6y0TOg
XNXF-Dendrolycopodium_obscurum	1fpo315L0Hgpqp-EDd2XM6tqCwaG4Hew4
XOAL-Dolichomastix_tenuilepis	1sJSBbm9oiUBtiVvb4ysQx6zUb03FmQTw
XONJ-Camptotheca_acuminata	1WAbVIJN3pPj1y8Wg7pWqNfD85LT-LAv0
XOOE-Desmanthus_illinoensis	1mYsjT3FB-LqJMo_N7DYyXjAGVvWaY14q
XOZZ-Chlamydomonas_sp.-2_samples_combined	1beo0cn4eiTBpgqwcONpOfgTPrS1kXkPN
XPAF-Mapania_palustris	1T95rRPVXh08BLq9yW6er04xkk3Z6DOiu
XPBC-Galphimia_gracilis	1eExsC4lj6jfRZ-SE38DmDT6dErjN4TKx
XQRV-Ipomoea_purpurea-2_samples_combined	1pffPLeBsIPXy1ECThOo-p2Ww6Y4Sp4sm
XQSG-Microbiota_decussata	1joqCDvYOrxJjUmPi9X3m_rI9O6v3VpjF
XQWC-Michelia_maudiae	150TXduZii5aKCPuKVXXX-aQGb7_uLsyd
XRCX-Aster_tataricus	17XBiFdD2Kpm6wqjBj0y9cEiy3t4QAvLE
XRLM-Buddleja_lindleyana	1E5tDU8LQKX5hm-yrNRmQelm2O2Gkq3_1
XRTZ-Roya_obtusa	1HhPVIWYSviwpADOOwAEOQbwAuucym3Pw
XSNO-Oenothera_rosea-MTJ_71	18rQjbR8QUxOLdwY1bAS7Y9rLimy-VWd2
XSSD-Amaranthus_tricolor	1K4BUkEWDMFsJOX0dQcbLnDeTF3hz7Lmr
XSZI-Peperomia_fraseri	1RiH1FuKUy0CsO-Sbyyk6aHqwmP_57ALG
XTON-Pediastrum_duplex-CCAC_0147	1dKg8iwkvW1Hp9eOw60ZMTW-ePfpQNedJ
XTZO-Araucaria_rulei	14PwceJp2SGi3exXODWz5YQ1UYZEW5IRw
XUAB-Paraneurachne_muelleri	1wG4qxyStzcacXskBXy43BDEUSzgqXpzt
XVJB-Morus_nigra	1HBYMcD6Gx8zwnEmGFlWCzyhKGuFK6BaS
XVRU-Heliotropium_calcicola-3_samples_combined	1df--KpV3K34CnjUn36A5hnVMNGdmWsi2
XWDM-Cystopteris_fragilis-2_samples_combined	1OV2iztFNxFfFSSh9FH5qeSev0tMkpMjz
XWHK-Rosulabryum_cf._capillare	1Ywn9R0ciq5mXFhpbjjqsRNyEhiodaVPh
XWMS-Linum_perenne-in_bud	17l3up7zsOFQdxyRkFpfYjjTyfJ9t-5vY
XXHP-Cystopteris_fragilis-fronds	1QuFtdjASOx5zlyE-STFErUqz4dkuoVT6
XXYA-Verbascum_sp.	1rkhM1Hx7WD5IfMHNqj5dJDMLAq0SynW8
XYHC-Dawsonia_superba_gametophyte	1q0vNIILlsvqS6QGcjV6qPLkjS8RCcJX0
XZAQ-Oenothera_speciosa-MTJ_116	1ZAL4nTmCRPfUYFEICfRDCQCEltgkJHxb
XZME-Drakaea_elastica	1JVjjfRpiPvp2W7Q8aRdTSqWxBEucy7RL
XZPP-Oenothera_speciosa-MTJ_114	1sOrgCWkSddEKMOSFUXENJuuHr4TF-0xS
XZUY-Cycas_micholitzii	1aAlo7xYOsWBkkZWmpWmi-xHQGfTZ9EVF
YADI-Asclepias_syriaca	13GWCLmCpSbyOs9wnsBiNkM3x7Z8nw07D
YBML-Yucca_brevifolia	1h5TzR_gW1nj0V1kV-dSCsCMrCruVj1ho
YBQN-Odontoschisma_prostratum	1zfL1Inxdx2SARac_kE1W0Ib9pvgXW7Lt
YCKE-Notholaena_montieliae	1zZAakJlKtKlqLT1e8x8ZJG-fitt96rxa
YDCQ-Cephaleuros_virescens	1IQwooWVYrD8JNr2pofMsY1ogDu4y1woB
YDEH-Argemone_mexicana-leaf	1Ks5TyW2oJwrX_SbhhR49gLJRlt6TIQen
YEPO-Physcomitrium_sp.	1KjRPBASQ4WNVl0dJe1N8K2aHa7dVDKxR
YFGP-Pallavicinia_lyellii	15IazpDH2S55t9Ogu54OiLUxj6_JMLXS_
YFQX-Apocynum_androsaemifolium-2_samples_combined	1X-RSeLys38zpwbb0HHD0OOhwB3gZkHH7
YFZK-Sciadopitys_verticillata	1fEluiXbCC0bV9PlA5l9CsWFmUAZarXt9
YGAT-Phyllanthus_sp.	19guVoQ5fHZBhTPIqwqJXbViUILUjgtth
YGCX-Geranium_maculatum	1XxGYw4FnKjDjzLA5IZQIsWM7pW4vD6YF
YHFG-Nandina_domestica	1d8j2zBCx8L5TzouaIbe1CCtSM8Y2jND_
YHLF-Oenothera_rhombipetala	1jtAUwk7Yyf-ASGEUMzbOUB5a7D_SuOt1
YHXT-Hamamelis_virginiana-Stevenson	1vS26e9hJBVnQzdT0Cpd8ZKSYJ70Ivm-2
YHZW-Huperzia_selago-2_samples_combined	1Y-07gPhq5gisse43zqdz4HPPMv84mw85
YIVZ-Oenothera_rosea-MTJ_277	1lroEBXmHccbtVPlmEjpsmimWDk9OLCP-
YIXP-Lindsaea_microphylla	1ena1V_OJUUSjra1lEmensL6CFv2MTt_3
YJJY-Woodsia_scopulina	1Z2gdq69276yriaXLu3N4wp7qoQyWxqSv
YJUG-Curculigo_sp.	1AcvTMRbOFXpuwAfHqxBeqGFsWD9wb-rj
YKFU-Peltoboykinia_watanabei	10k7sTL7EOMkWjGTO5yNNM3VvM1Wf6SLp
YKQR-Hamamelis_virginiana-2_samples_combined	1E9ZmtbpjbqLXx5kgTCbWZSI6uGNcGbEu
YKSS-Osmunda_regalis	1rNMNsiuD0jnrigWDOpUc3vhZ9YMG_FPH
YKZB-Plantago_maritima	16eXcGyDAFq50RlTufIGrDZLqPtyiprHr
YLBK-Cylindrocystis_brebissonii-2_samples_combined	1VS5Vu75-E3ook5MSr_3LYIXyHrtqItn5
YLJA-Polypodium_amorphum	1Ya0eZAFIDeftaT_v0fqSV01ZsmTxT3Lj
YLPM-Pseudotaxus_chienii	1HvqlwvKihir5mzVxruNZIHdPFkMtLVnf
YLWW-Uniola_paniculata-B	1b77s-S5c_pJLiKnS413UwSLgygMHfi4x
YMES-Typhonium_blumei	1XcAI89iy4eMdQLy104Ujx3RvTjcsNjM2
YMUO-Punica_granatum-developing_seeds_A	1p1F8BmLIVFKH9brooidqJOvMOLKbX3vC
YNFJ-Microtea_debilis	139isEZ6tqGVhu5gnIszqYsc-0wGTEldR
YNUE-Punica_granatum-4_samples_combined	1VzsbyLhRYCuvjZwPYQfrBn4xk-WYULsO
YOHC-Pediastrum_duplex-2_CCAC_0012_samples_combined	12x3oz0IahsUQV55KZrYrzylmpoqwYYQO
YOWV-Cystopteris_protrusa	1Z5QAirU_ZnNB2ItU_-zIGpPil0L8tUKW
YOXI-Cylindrocystis_brebissonii-M2213	1AB_wYzO03LRRgqp8F8SscakBGmacyBV6
YPIC-Microstegium_vimineum	1VWi678fq8aGCUuOlxEF_6ufG-ToGNiox
YPSN-Noteroclada_confluens	14p6GEEHwYUsfot2nVppP83gOxZfaD8bN
YQEC-Woodsia_ilvensis	1dsyG2nqLkMYfJ7umysfPyswE6hZttsCD
YQIJ-Phacelia_campanularia	1SmJZfj1jmfve7N0rgvP_iojeD7RKeMLR
YRBQ-Flaveria_angustifolia-2_samples_combined	1GCNO4CPk6go9gXKi414XtQ-TYHffuWm5
YRHD-Antirrhinum_braun-blanquetii	1z0hUuqI_6QKqWrcCZ2N01wvxRtHhWvXC
YRMA-Sargassum_thunbergii	1JGTI43fySciSORYItAS75tYilp-wDl7m
YSBD-Heterosiphonia_pulchra	1O5ukNTggs5P3Gghi_GYw22jIJ5_K4ss0
YSQT-Penium_exiguum	1lwm9VrciWs9e4srrxTqCcGz6cGqBJYaz
YSRZ-Fouquieria_macdougalii	1i848JH_44laBVi1vQVnPvpNJyhpOf7_F
YTYU-Cyanophora_paradoxa-CCAC_0091	1cDjzQ45QiNywBLHkx_0DAbTuLtoCqRHM
YUOM-Rhus_radicans	1ElhmP4kg7Ute35MzJBWKkUK2rdIdvTys
YWNF-Hedwigia_ciliata	1KpOY9NuyLEgQg9qjypLHypTSpL3CGjWG
YXNR-Triodia_aff._bynoei	1pE7DiUMMxMZez3Mt9kIk_irdowga3Ejh
YYPE-Austrocedrus_chilensis	1T3j-sIg9sZ905e12kvYdGLGyc12qtt6A
YZGX-Cyrilla_racemiflora	1zwA86zeXZ_saoBgmMQAgUQq9YuUM3NmK
YZRI-Annona_muricata	1H2vO5xhdOLOIjZA4RjGjr2wn9IwMRXfF
YZVJ-Cephalotus_follicularis	19FEMokiXVOmc7vIZ0-CKSjUB9ic_ncKQ
ZACW-Leucodon_brachypus	1oDTdK_8riMIYv0XPoJFQO_mheW2gshEo
ZBPY-Alternanthera_brasiliana-2_samples_combined	1J8hV96vO6K6p9WjyW0gD5hxulxkodBx-
ZBTA-Boerhavia_coccinea-2_samples_combined	1PNQsFoBHl3KsIXy38p9siAC54vKHf3iX
ZBVT-Chrysobalanus_icaco	1EEBzoVwDWTpafICxxxLKu9Nj0bclGZdQ
ZCDJ-Acacia_argyrophylla	126xR-Ud7DyciRnBlYDqGmlknaNKvmSx1
ZCUA-Flaveria_trinervia-2_samples_combined	1z8cdvlWhmcfo-CqUNI0jKPyttcAl7ncT
ZDIZ-Dunaliella_tertiolecta-CCMP_364	1CjOF0JE6vFTziFCycaRCKzfcVNFxrU5M
ZDOF-Microthamnion_kuetzingianum-B	1Ei6zIhlwx1nxUc3Fdtj5czzecbHPBTpk
ZENX-Neurachne_alopecuroidea	100K6gtixQzL4prCrW2vP4HxcdZUHw7Qe
ZETY-Hydrangea_quercifolia	1UvS1bmrkOUfCR3PeMtYZ_JQ4uZmpFrgU
ZFGK-Selaginella_kraussiana	1Hvy_mEM6xXL_0sB6gSf8HSuwMjfeMFOB
ZFRE-Phaeoceros_carolinianus-sporophyte_1575	1nG4Bxq1dWxTrzMFXpc_1Zntwkj7DVZt6
ZFXU-Asteromonas_gracilis-2_samples_combined	1ZSgEFquZUp1p3AdADTECWaIPI79uo3D7
ZGDS-Lactuca_graminifolia-A	1IIuYmchaVc3Gu1cBR3riVklMSN6qLziR
ZGQD-Corydalis_linstowiana	1arNX45yofhxV2imFRPivavGDhClcNx5_
ZHEE-Ziziphus_jujuba	1zqC6HlF2kMrrXtsXm82zIc08nTVJuwiB
ZHMB-Krameria_lanceolata	1f49fkLRu4cf2ZZPV3zaI-zhi3Sdf6xCi
ZINQ-Oenothera_grandiflora-5_samples_combined	17k3a6t-8gop9a2eOcFTQc9W78QaB7z8D
ZIVZ-Phacotus_lenticularis	1_-LvFarRaiTlDnoZ9DzeSuAo91yoVy9N
ZIWB-Passiflora_sp.	17QTCHALBcUoifE7q9WyoFU5mvqWAin9g
ZJDK-Sesuvium_verrucosum-juvenile_leaf	16WlmUR0O_tT25Abp8kkMx7F6DdkVRSdL
ZJOJ-Grateloupia_filicina	14yZxjJDdMKyLqwAI0WVqzA8qFXfVgxWT
ZJRC-Sambucus_canadensis-2_samples_combined	1Ha3maeXCe-LQLNBcZ5wD0yF0Lr_FI0OT
ZJUL-Rhodiola_rosea	1_sqjB_ARKvmhASh6AvZ65rRtC2sRuIm7
ZKPF-Traubia_modesta	1ZGV1U-vd-h1AoufJrkDM8sbrJCMLYl7J
ZLBP-Chloromonas_reticulata-2_samples_combined	1ITaU1TiACdfdNwK3W5KEh1zIygngQVL5
ZLOA-Cleome_gynandra-juvenile_leaf	10BAuqcUmRkkl6tjI0AqcKs1sPRShT_7K
ZLQE-Stephanosphaera_pluvialis	1iiwz3uncLMAN8aD4GA-cIESOn2-GSsm_
ZMGN-Neurachne_munroi	1wg7yqEweIIvSg-pe25Y-Fjn8LJNaHqCy
ZNUM-Leptosira_obovata	1_QmNWTN2y-5iFBvZV5bkjzzCd-MASIaN
ZNZC-Flaveria_bidentis-juvenile_leaf	1-Iabs0Fm5cGrVfG9_Y29_D3CvEtzOPH3
ZOPP-Philadelphus_inodorus_B	1UhSuGBz-ogW0pKANNncFEsxpj4Mhr7bs
ZPKK-Aruncus_dioicus	1XwREOflFEUg-gHTNjgP1krAf2xOanUob
ZQRI-Timmia_austriaca	1GyJUdAR8JVUC4emfxUBtBExfyvVRF1PZ
ZQVF-Cunninghamia_lanceolata-2_samples_combined	1IZsT0B1yon4gMVGdf1tYK6fTSb0ePsWo
ZQWM-Lagarostrobos_franklinii	1X-9csPdZsWSBjBTZ-0dhVaJk7WpKaUYF
ZQYU-Phlebodium_pseudoaureum	15lAVjyusQSjSSyvUDlTjq4rY4MfEBs2F
ZRAV-Polypodium_hesperium-2_samples_combined	1vTDeL-uARJyS5AaG7GCFT-EaxMiqWiP1
ZRIN-Uncarina_grandidieri	1LxMK9T_j8Mb7lvv1kAgFYIgUGPSfa6rd
ZRMT-Mougeotia_sp.	1BE8gUz-RBSwRUBWnGWFuY6ZK3AV6mBSV
ZSAB-Hoheria_angustifolia	1nZX1wz4prLx2-t28Yg5h45vRNH4qBCDY
ZSGF-Psychotria_ipecacuanha-2_samples_combined	1Vk8lk88FR4TzrTis5v5aY98h6z0VpeTC
ZSNV-Papaver_bracteatum-root	1ottPr5c67wyQaDO2lR9NeYIJgEEr9Xbh
ZSSR-Xanthocercis_zambesiaca	1lpaglRAHEXEYqzMWMouQahfZ9B-wPqzm
ZTHV-Atrichum_angustatum	1C29BNjHJcrpdLda_7B1jVrm2SNfxYBKR
ZTLR-Rhizophora_mangle	1K9peNY11XEdCGEXZ0Vnxc6_92q0GonqO
ZUHO-Anemone_hupehensis	1nqMrJBm3c6geXtNIbPu11u7AzoKV7bAj
ZULJ-Pyropia_yezoensis	1o8KDkUkv6ewuNyH-nM0ohDhR9XTpATl3
ZUQW-Glycine_soja-root	1_Zml_IuUANB-aLgslPmAdO7VX-cT0QD6
ZVFS-Lindenbergia_philippensis-leaves	1EYvNqlhEBcTwcT77HDPLMtlzpNd-UKTV
ZXJO-Parahemionitis_cordata	1LT8Uv8PQqmA020KxyUbvIsz7Q8jkAFv2
ZYAX-Taxus_cuspidata	1gB62yzN-Bz2pHLYerS6jFjJPgGhp3Skq
ZYCD-Selaginella_acanthonota	10LKINIP5QIw0XAnunedMis9942HovCTn
ZZEI-Phylloglossum_drummondii	1F2wenC40HycOJub7RUQrQaSOHVcOR1OW
ZZOL-Selaginella_moellendorffii	1h3eXRm_Nse2Z6urNaZpiEuLkF4bxaovY
